{"fillp_sheep": {"1": {"1": {"delay": 14.566, "loss": 0.0002492483495974973, "tput": 9.232941320738151}, "all": {"delay": 14.566, "loss": 0.0002492483495974973, "tput": 9.232941320738151}}, "2": {"1": {"delay": 21.973, "loss": 0.00020365571251701464, "tput": 10.389501990549602}, "all": {"delay": 21.973, "loss": 0.00020365571251701464, "tput": 10.389501990549602}}, "3": {"1": {"delay": 25.168, "loss": 0.00020743982622783985, "tput": 10.202360083086587}, "all": {"delay": 25.168, "loss": 0.00020743982622783985, "tput": 10.202360083086587}}, "4": {"1": {"delay": 9.155, "loss": 6.776202135683196e-05, "tput": 8.137905103321518}, "all": {"delay": 9.155, "loss": 6.776202135683196e-05, "tput": 8.137905103321518}}, "5": {"1": {"delay": 13.346, "loss": 5.0889066461445864e-05, "tput": 11.770534075039015}, "all": {"delay": 13.346, "loss": 5.0889066461445864e-05, "tput": 11.770534075039015}}}, "copa": {"1": {"1": {"delay": 548.722, "loss": 0.007399353141481102, "tput": 11.966956690273157}, "all": {"delay": 548.722, "loss": 0.007399353141481102, "tput": 11.966956690273157}}, "2": {"1": {"delay": 627.902, "loss": 0.006272404688784872, "tput": 11.969244153272584}, "all": {"delay": 627.902, "loss": 0.006272404688784872, "tput": 11.969244153272584}}, "3": {"1": {"delay": 588.129, "loss": 0.006080882433054491, "tput": 11.967058801022388}, "all": {"delay": 588.129, "loss": 0.006080882433054491, "tput": 11.967058801022388}}, "4": {"1": {"delay": 534.358, "loss": 0.0061476738201194925, "tput": 11.968335673956034}, "all": {"delay": 534.358, "loss": 0.0061476738201194925, "tput": 11.968335673956034}}, "5": {"1": {"delay": 732.452, "loss": 0.0069197401109026835, "tput": 11.969377830968575}, "all": {"delay": 732.452, "loss": 0.0069197401109026835, "tput": 11.969377830968575}}}, "fillp": {"1": {"1": {"delay": 93.556, "loss": 0.001441692715495213, "tput": 11.971569173924179}, "all": {"delay": 93.556, "loss": 0.001441692715495213, "tput": 11.971569173924179}}, "2": {"1": {"delay": 84.859, "loss": 0.0013817856296237663, "tput": 11.534142611877723}, "all": {"delay": 84.859, "loss": 0.0013817856296237663, "tput": 11.534142611877723}}, "3": {"1": {"delay": 59.022, "loss": 0.0012036717039176636, "tput": 11.981010948442409}, "all": {"delay": 59.022, "loss": 0.0012036717039176636, "tput": 11.981010948442409}}, "4": {"1": {"delay": 91.058, "loss": 0.0016765692832708678, "tput": 11.97404474467342}, "all": {"delay": 91.058, "loss": 0.0016765692832708678, "tput": 11.97404474467342}}, "5": {"1": {"delay": 66.008, "loss": 0.001049099160625122, "tput": 11.719387903574816}, "all": {"delay": 66.008, "loss": 0.001049099160625122, "tput": 11.719387903574816}}}, "quic": {"1": {"1": {"delay": 920.494, "loss": 0.015530286376502667, "tput": 11.910588454155945}, "all": {"delay": 920.494, "loss": 0.015530286376502667, "tput": 11.910588454155945}}, "2": {"1": {"delay": 581.403, "loss": 0.00990919289811798, "tput": 11.897431884462037}, "all": {"delay": 581.403, "loss": 0.00990919289811798, "tput": 11.897431884462037}}, "3": {"1": {"delay": 1087.683, "loss": 0.02152687732738423, "tput": 11.482110610842998}, "all": {"delay": 1087.683, "loss": 0.02152687732738423, "tput": 11.482110610842998}}, "4": {"1": {"delay": 803.522, "loss": 0.014900565141972133, "tput": 11.90977283957212}, "all": {"delay": 803.522, "loss": 0.014900565141972133, "tput": 11.90977283957212}}, "5": {"1": {"delay": 707.503, "loss": 0.011992585264946398, "tput": 11.906022055958115}, "all": {"delay": 707.503, "loss": 0.011992585264946398, "tput": 11.906022055958115}}}, "gold": {"1": {"1": {"delay": 3655.549, "loss": 0.04789748212159184, "tput": 11.99949209916419}, "all": {"delay": 3655.549, "loss": 0.04789748212159184, "tput": 11.99949209916419}}, "2": {"1": {"delay": 4342.844, "loss": 0.064775889361528, "tput": 11.995580421548022}, "all": {"delay": 4342.844, "loss": 0.064775889361528, "tput": 11.995580421548022}}, "3": {"1": {"delay": 3109.785, "loss": 0.06334792892670471, "tput": 11.993948972255893}, "all": {"delay": 3109.785, "loss": 0.06334792892670471, "tput": 11.993948972255893}}, "4": {"1": {"delay": 5706.626, "loss": 0.12532418864634032, "tput": 11.99945288913499}, "all": {"delay": 5706.626, "loss": 0.12532418864634032, "tput": 11.99945288913499}}, "5": {"1": {"delay": 8020.226, "loss": 0.16089276907704175, "tput": 11.997577069199787}, "all": {"delay": 8020.226, "loss": 0.16089276907704175, "tput": 11.997577069199787}}}, "cubic": {"1": {"1": {"delay": 1762.06, "loss": 0.01927161799184629, "tput": 11.999431286345741}, "all": {"delay": 1762.06, "loss": 0.01927161799184629, "tput": 11.999431286345741}}, "2": {"1": {"delay": 1825.037, "loss": 0.019281819544915035, "tput": 11.998822459907908}, "all": {"delay": 1825.037, "loss": 0.019281819544915035, "tput": 11.998822459907908}}, "3": {"1": {"delay": 1758.72, "loss": 0.010127332568802161, "tput": 11.999389573574755}, "all": {"delay": 1758.72, "loss": 0.010127332568802161, "tput": 11.999389573574755}}, "4": {"1": {"delay": 1859.084, "loss": 0.019090983267581296, "tput": 11.997421034336758}, "all": {"delay": 1859.084, "loss": 0.019090983267581296, "tput": 11.997421034336758}}, "5": {"1": {"delay": 1722.424, "loss": 0.021253321585884666, "tput": 11.998433736668304}, "all": {"delay": 1722.424, "loss": 0.021253321585884666, "tput": 11.998433736668304}}}, "sprout": {"1": {"1": {"delay": 73.283, "loss": 0.0012010045153990623, "tput": 11.98650271066466}, "all": {"delay": 73.283, "loss": 0.0012010045153990623, "tput": 11.98650271066466}}, "2": {"1": {"delay": 74.217, "loss": 0.0009527774554226598, "tput": 11.978711291777188}, "all": {"delay": 74.217, "loss": 0.0009527774554226598, "tput": 11.978711291777188}}, "3": {"1": {"delay": 73.212, "loss": 0.001178862552346227, "tput": 11.992281590066213}, "all": {"delay": 73.212, "loss": 0.001178862552346227, "tput": 11.992281590066213}}, "4": {"1": {"delay": 73.174, "loss": 0.0010852852610567787, "tput": 11.98852382353289}, "all": {"delay": 73.174, "loss": 0.0010852852610567787, "tput": 11.98852382353289}}, "5": {"1": {"delay": 72.565, "loss": 0.000999402165225094, "tput": 11.9865365197803}, "all": {"delay": 72.565, "loss": 0.000999402165225094, "tput": 11.9865365197803}}}, "vivace": {"1": {"1": {"delay": 16.239, "loss": 4.2150348767755474e-05, "tput": 9.094973115539872}, "all": {"delay": 16.239, "loss": 4.2150348767755474e-05, "tput": 9.094973115539872}}, "2": {"1": {"delay": 146.659, "loss": 2.0847087382147578e-05, "tput": 9.734971166743007}, "all": {"delay": 146.659, "loss": 2.0847087382147578e-05, "tput": 9.734971166743007}}, "3": {"1": {"delay": 41.933, "loss": 0.0, "tput": 9.015365704693014}, "all": {"delay": 41.933, "loss": 0.0, "tput": 9.015365704693014}}, "4": {"1": {"delay": 12.49, "loss": 2.2152934062824592e-05, "tput": 9.160849442264807}, "all": {"delay": 12.49, "loss": 2.2152934062824592e-05, "tput": 9.160849442264807}}, "5": {"1": {"delay": 7.618, "loss": 2.1971109643192932e-05, "tput": 8.726972266139786}, "all": {"delay": 7.618, "loss": 2.1971109643192932e-05, "tput": 8.726972266139786}}}, "scream": {"1": {"1": {"delay": 1.475, "loss": 0.0, "tput": 0.21532735807744355}, "all": {"delay": 1.475, "loss": 0.0, "tput": 0.21532735807744355}}, "2": {"1": {"delay": 1.379, "loss": 0.0, "tput": 0.21533735835896872}, "all": {"delay": 1.379, "loss": 0.0, "tput": 0.21533735835896872}}, "3": {"1": {"delay": 1.478, "loss": 0.0, "tput": 0.09771945694505231}, "all": {"delay": 1.478, "loss": 0.0, "tput": 0.09771945694505231}}, "4": {"1": {"delay": 1.47, "loss": 0.0, "tput": 0.21533114614223}, "all": {"delay": 1.47, "loss": 0.0, "tput": 0.21533114614223}}, "5": {"1": {"delay": 1.53, "loss": 0.0, "tput": 0.09185439391689891}, "all": {"delay": 1.53, "loss": 0.0, "tput": 0.09185439391689891}}}, "indigo": {"1": {"1": {"delay": 4.279, "loss": 1.7456601753340628e-05, "tput": 11.483694489667085}, "all": {"delay": 4.279, "loss": 1.7456601753340628e-05, "tput": 11.483694489667085}}, "2": {"1": {"delay": 4.275, "loss": 8.769173227263227e-05,