{"fillp_sheep": {"1": {"1": {"delay": 58.467, "loss": 0.0012580299903207637, "tput": 47.543823939372665}, "all": {"delay": 58.467, "loss": 0.0012580299903207637, "tput": 47.543823939372665}}}, "copa": {"1": {"1": {"delay": 49.29, "loss": 0.0011647826396806726, "tput": 44.46756760835065}, "all": {"delay": 49.29, "loss": 0.0011647826396806726, "tput": 44.46756760835065}}}, "fillp": {"1": {"1": {"delay": 92.708, "loss": 0.0022988988255338016, "tput": 49.41820613956084}, "all": {"delay": 92.708, "loss": 0.0022988988255338016, "tput": 49.41820613956084}}}, "quic": {}, "gold": {"1": {"1": {"delay": 2358.46, "loss": 0.036971936210217216, "tput": 47.67807104335593}, "all": {"delay": 2358.46, "loss": 0.036971936210217216, "tput": 47.67807104335593}}}, "cubic": {"1": {"1": {"delay": 397.864, "loss": 0.009241356063111716, "tput": 49.437572445860305}, "all": {"delay": 397.864, "loss": 0.009241356063111716, "tput": 49.437572445860305}}}, "sprout": {"1": {"1": {"delay": 50.33, "loss": 0.0006350110541236687, "tput": 9.15683337282454}, "all": {"delay": 50.33, "loss": 0.0006350110541236687, "tput": 9.15683337282454}}}, "goldLSTM175xtra": {"1": {"1": {"delay": 1378.979, "loss": 0.027746057134870772, "tput": 44.005635708767294}, "all": {"delay": 1378.979, "loss": 0.027746057134870772, "tput": 44.005635708767294}}}, "vivace": {"1": {"1": {"delay": 291.979, "loss": 0.001088333889773363, "tput": 44.12375559716773}, "all": {"delay": 291.979, "loss": 0.001088333889773363, "tput": 44.12375559716773}}}, "webrtc": {}, "indigo": {"1": {"1": {"delay": 48.062, "loss": 0.0012842991951462768, "tput": 43.67973493805686}, "all": {"delay": 48.062, "loss": 0.0012842991951462768, "tput": 43.67973493805686}}}, "vegas": {"1": {"1": {"delay": 252.572, "loss": 0.005550350712106189, "tput": 49.438567895160304}, "all": {"delay": 252.572, "loss": 0.005550350712106189, "tput": 49.438567895160304}}}, "goldLSTM175": {"1": {"1": {"delay": 1266.462, "loss": 0.01458322933988665, "tput": 45.93817658392476}, "all": {"delay": 1266.462, "loss": 0.01458322933988665, "tput": 45.93817658392476}}}, "verus": {"1": {"1": {"delay": 460.619, "loss": 0.009638813887076214, "tput": 49.09807503146631}, "all": {"delay": 460.619, "loss": 0.009638813887076214, "tput": 49.09807503146631}}}, "bbr": {"1": {"1": {"delay": 130.192, "loss": 0.0030726700847203414, "tput": 48.327372727334605}, "all": {"delay": 130.192, "loss": 0.0030726700847203414, "tput": 48.327372727334605}}}, "pcc": {"1": {"1": {"delay": 45.687, "loss": 0.0011606878209035054, "tput": 42.987051512587584}, "all": {"delay": 45.687, "loss": 0.0011606878209035054, "tput": 42.987051512587584}}}, "pcc_experimental": {"1": {"1": {"delay": 111.372, "loss": 0.0009609345150234372, "tput": 46.50163232625245}, "all": {"delay": 111.372, "loss": 0.0009609345150234372, "tput": 46.50163232625245}}}, "goldLSTM": {"1": {"1": {"delay": 711.6, "loss": 0.006375281774618324, "tput": 34.9397199658665}, "all": {"delay": 711.6, "loss": 0.006375281774618324, "tput": 34.9397199658665}}}, "scream": {"1": {"1": {"delay": 42.435, "loss": 0.000957005110814535, "tput": 0.21653460528841476}, "all": {"delay": 42.435, "loss": 0.000957005110814535, "tput": 0.21653460528841476}}}, "taova": {"1": {"1": {"delay": 79.242, "loss": 0.0007844633817014612, "tput": 46.172583641366344}, "all": {"delay": 79.242, "loss": 0.0007844633817014612, "tput": 46.172583641366344}}}, "ledbat": {"1": {"1": {"delay": 102.639, "loss": 0.0032008951438514677, "tput": 40.74593685586474}, "all": {"delay": 102.639, "loss": 0.0032008951438514677, "tput": 40.74593685586474}}}}