{"fillp_sheep": {"1": {"1": {"delay": 105.52, "loss": 0.013273459563380996, "tput": 47.44385410269503}, "all": {"delay": 105.52, "loss": 0.013273459563380996, "tput": 47.44385410269503}}}, "copa": {"1": {"1": {"delay": 63.946, "loss": 0.013957920872778806, "tput": 26.35051796121965}, "all": {"delay": 63.946, "loss": 0.013957920872778806, "tput": 26.35051796121965}}}, "fillp": {"1": {"1": {"delay": 245.888, "loss": 0.008063419632328372, "tput": 49.044057330954864}, "all": {"delay": 245.888, "loss": 0.008063419632328372, "tput": 49.044057330954864}}}, "quic": {}, "gold": {"1": {"1": {"delay": 4773.3, "loss": 0.1951128586712163, "tput": 44.24627907180277}, "all": {"delay": 4773.3, "loss": 0.1951128586712163, "tput": 44.24627907180277}}}, "cubic": {"1": {"1": {"delay": 283.99, "loss": 0.0037751651924918805, "tput": 40.82481713428083}, "all": {"delay": 283.99, "loss": 0.0037751651924918805, "tput": 40.82481713428083}}}, "sprout": {"1": {"1": {"delay": 53.741, "loss": 0.0023902138874135614, "tput": 8.78790255799833}, "all": {"delay": 53.741, "loss": 0.0023902138874135614, "tput": 8.78790255799833}}}, "vivace": {"1": {"1": {"delay": 51.845, "loss": 0.0026140856753053, "tput": 11.317878799091403}, "all": {"delay": 51.845, "loss": 0.0026140856753053, "tput": 11.317878799091403}}}, "scream": {"1": {"1": {"delay": 43.658, "loss": 0.0012545816831074363, "tput": 0.2174050333080509}, "all": {"delay": 43.658, "loss": 0.0012545816831074363, "tput": 0.2174050333080509}}}, "indigo": {"1": {"1": {"delay": 63.011, "loss": 0.002626962559945878, "tput": 19.364195004701585}, "all": {"delay": 63.011, "loss": 0.002626962559945878, "tput": 19.364195004701585}}}, "vegas": {"1": {"1": {"delay": 92.802, "loss": 0.003649220365449457, "tput": 32.05548721343392}, "all": {"delay": 92.802, "loss": 0.003649220365449457, "tput": 32.05548721343392}}}, "goldLSTM175": {"1": {"1": {"delay": 332.683, "loss": 0.024716975125022356, "tput": 28.04910213975528}, "all": {"delay": 332.683, "loss": 0.024716975125022356, "tput": 28.04910213975528}}}, "verus": {"1": {"1": {"delay": 255.386, "loss": 0.019405127147411938, "tput": 45.30238231790116}, "all": {"delay": 255.386, "loss": 0.019405127147411938, "tput": 45.30238231790116}}}, "bbr": {"1": {"1": {"delay": 158.646, "loss": 0.013881139894161065, "tput": 47.52188978064321}, "all": {"delay": 158.646, "loss": 0.013881139894161065, "tput": 47.52188978064321}}}, "pcc": {}, "pcc_experimental": {}, "goldLSTM": {"1": {"1": {"delay": 1830.597, "loss": 0.026781222803622273, "tput": 43.00887851376391}, "all": {"delay": 1830.597, "loss": 0.026781222803622273, "tput": 43.00887851376391}}}, "webrtc": {}, "taova": {"1": {"1": {"delay": 118.549, "loss": 0.029703359389097628, "tput": 41.161368628140075}, "all": {"delay": 118.549, "loss": 0.029703359389097628, "tput": 41.161368628140075}}}, "ledbat": {}}