{"fillp_sheep": {"1": {"1": {"delay": 10.103, "loss": 0.00018620056460816325, "tput": 2.4960614550645457}, "all": {"delay": 10.103, "loss": 0.00018620056460816325, "tput": 2.4960614550645457}}}, "copa": {"1": {"1": {"delay": 537.724, "loss": 0.017503233386145012, "tput": 11.967037362775505}, "all": {"delay": 537.724, "loss": 0.017503233386145012, "tput": 11.967037362775505}}}, "fillp": {"1": {"1": {"delay": 55.314, "loss": 0.001952208452700499, "tput": 11.863820803759378}, "all": {"delay": 55.314, "loss": 0.001952208452700499, "tput": 11.863820803759378}}}, "quic": {"1": {"1": {"delay": 455.743, "loss": 0.015795241703893903, "tput": 11.813349075929265}, "all": {"delay": 455.743, "loss": 0.015795241703893903, "tput": 11.813349075929265}}}, "gold": {"1": {"1": {"delay": 723.913, "loss": 0.023838554393235123, "tput": 11.976929178767397}, "all": {"delay": 723.913, "loss": 0.023838554393235123, "tput": 11.976929178767397}}}, "cubic": {"1": {"1": {"delay": 1815.656, "loss": 0.05483150344480181, "tput": 11.99891248259732}, "all": {"delay": 1815.656, "loss": 0.05483150344480181, "tput": 11.99891248259732}}}, "sprout": {"1": {"1": {"delay": 74.173, "loss": 0.0021395663415626487, "tput": 11.977574091477909}, "all": {"delay": 74.173, "loss": 0.0021395663415626487, "tput": 11.977574091477909}}}, "vivace": {"1": {"1": {"delay": 10.962, "loss": 4.298300112104414e-05, "tput": 8.93741112565509}, "all": {"delay": 10.962, "loss": 4.298300112104414e-05, "tput": 8.93741112565509}}}, "scream": {"1": {"1": {"delay": 1.497, "loss": 0.0, "tput": 0.2173590779912226}, "all": {"delay": 1.497, "loss": 0.0, "tput": 0.2173590779912226}}}, "indigo": {"1": {"1": {"delay": 4.313, "loss": 0.0, "tput": 11.612694790866708}, "all": {"delay": 4.313, "loss": 0.0, "tput": 11.612694790866708}}}, "vegas": {"1": {"1": {"delay": 5.739, "loss": 0.00010024351600435022, "tput": 11.980422261711807}, "all": {"delay": 5.739, "loss": 0.00010024351600435022, "tput": 11.980422261711807}}}, "bbr": {"1": {"1": {"delay": 12.727, "loss": 0.0003667507422367988, "tput": 11.99476702991475}, "all": {"delay": 12.727, "loss": 0.0003667507422367988, "tput": 11.99476702991475}}}, "verus": {"1": {"1": {"delay": 413.064, "loss": 0.0, "tput": 9.411462015539595}, "all": {"delay": 413.064, "loss": 0.0, "tput": 9.411462015539595}}}, "pcc": {"1": {"1": {"delay": 8.175, "loss": 0.00010899908033845662, "tput": 7.38593194537302}, "all": {"delay": 8.175, "loss": 0.00010899908033845662, "tput": 7.38593194537302}}}, "pcc_experimental": {"1": {"1": {"delay": 2.672, "loss": 0.00013907836471793722, "tput": 3.0633493429349676}, "all": {"delay": 2.672, "loss": 0.00013907836471793722, "tput": 3.0633493429349676}}}, "goldLSTM": {"1": {"1": {"delay": 3351.249, "loss": 0.18274348286860964, "tput": 11.993720247983354}, "all": {"delay": 3351.249, "loss": 0.18274348286860964, "tput": 11.993720247983354}}}, "webrtc": {"1": {"1": {"delay": 44.415, "loss": 0.0, "tput": 0.04985012614775187}, "all": {"delay": 44.415, "loss": 0.0, "tput": 0.04985012614775187}}}, "taova": {"1": {"1": {"delay": 2.632, "loss": 0.0, "tput": 3.889306602562607}, "all": {"delay": 2.632, "loss": 0.0, "tput": 3.889306602562607}}}, "ledbat": {"1": {"1": {"delay": 101.145, "loss": 0.003280599344713253, "tput": 11.99666413834719}, "all": {"delay": 101.145, "loss": 0.003280599344713253, "tput": 11.99666413834719}}}}