{"fillp_sheep": {"1": {"1": {"delay": 25.137, "loss": 0.0004373895357904223, "tput": 10.534486892881105}, "all": {"delay": 25.137, "loss": 0.0004373895357904223, "tput": 10.534486892881105}}}, "copa": {"1": {"1": {"delay": 551.903, "loss": 0.01980091252504057, "tput": 11.969169988126477}, "all": {"delay": 551.903, "loss": 0.01980091252504057, "tput": 11.969169988126477}}}, "fillp": {"1": {"1": {"delay": 69.917, "loss": 0.0023610358812830023, "tput": 11.729658617189182}, "all": {"delay": 69.917, "loss": 0.0023610358812830023, "tput": 11.729658617189182}}}, "quic": {"1": {"1": {"delay": 476.303, "loss": 0.017154323017173456, "tput": 11.82896459045723}, "all": {"delay": 476.303, "loss": 0.017154323017173456, "tput": 11.82896459045723}}}, "gold": {}, "cubic": {"1": {"1": {"delay": 1638.62, "loss": 0.029286229787534035, "tput": 11.99889890373914}, "all": {"delay": 1638.62, "loss": 0.029286229787534035, "tput": 11.99889890373914}}}, "sprout": {"1": {"1": {"delay": 73.951, "loss": 0.0023766704382411907, "tput": 11.977405338424028}, "all": {"delay": 73.951, "loss": 0.0023766704382411907, "tput": 11.977405338424028}}}, "vivace": {"1": {"1": {"delay": 424.559, "loss": 4.3877886009902056e-05, "tput": 8.8020208004631}, "all": {"delay": 424.559, "loss": 4.3877886009902056e-05, "tput": 8.8020208004631}}}, "scream": {"1": {"1": {"delay": 1.499, "loss": 0.0, "tput": 0.21735992069260085}, "all": {"delay": 1.499, "loss": 0.0, "tput": 0.21735992069260085}}}, "indigo": {"1": {"1": {"delay": 4.357, "loss": 0.00011380851626097144, "tput": 10.623010298131671}, "all": {"delay": 4.357, "loss": 0.00011380851626097144, "tput": 10.623010298131671}}}, "vegas": {"1": {"1": {"delay": 5.518, "loss": 0.00010081958706809058, "tput": 11.909598886445956}, "all": {"delay": 5.518, "loss": 0.00010081958706809058, "tput": 11.909598886445956}}}, "bbr": {"1": {"1": {"delay": 14.156, "loss": 0.0004000917188038411, "tput": 11.997127946565827}, "all": {"delay": 14.156, "loss": 0.0004000917188038411, "tput": 11.997127946565827}}}, "verus": {"1": {"1": {"delay": 413.036, "loss": 0.000717329845141168, "tput": 9.363547107977578}, "all": {"delay": 413.036, "loss": 0.000717329845141168, "tput": 9.363547107977578}}}, "pcc": {"1": {"1": {"delay": 1.844, "loss": 5.87926344587375e-05, "tput": 6.846466278196883}, "all": {"delay": 1.844, "loss": 5.87926344587375e-05, "tput": 6.846466278196883}}}, "pcc_experimental": {"1": {"1": {"delay": 2.61, "loss": 8.238431183027473e-06, "tput": 3.1189202279139367}, "all": {"delay": 2.61, "loss": 8.238431183027473e-06, "tput": 3.1189202279139367}}}, "webrtc": {"1": {"1": {"delay": 6.814, "loss": 0.0, "tput": 2.3167602284802093}, "all": {"delay": 6.814, "loss": 0.0, "tput": 2.3167602284802093}}}, "taova": {"1": {"1": {"delay": 2.603, "loss": 0.0, "tput": 3.864709188316157}, "all": {"delay": 2.603, "loss": 0.0, "tput": 3.864709188316157}}}, "ledbat": {"1": {"1": {"delay": 110.965, "loss": 0.0038898585142701503, "tput": 11.526998448130659}, "all": {"delay": 110.965, "loss": 0.0038898585142701503, "tput": 11.526998448130659}}}}