{"fillp_sheep": {"1": {"1": {"delay": 116.269, "loss": 0.003836371046758602, "tput": 73.21356948094225}, "all": {"delay": 116.269, "loss": 0.003836371046758602, "tput": 73.21356948094225}}, "2": {"1": {"delay": 114.337, "loss": 0.003996539481419981, "tput": 65.53508720947684}, "all": {"delay": 114.337, "loss": 0.003996539481419981, "tput": 65.53508720947684}}}, "copa": {"1": {"1": {"delay": 138.648, "loss": 0.004396013822294709, "tput": 50.928532612802606}, "all": {"delay": 138.648, "loss": 0.004396013822294709, "tput": 50.928532612802606}}, "2": {"1": {"delay": 152.005, "loss": 0.003962116641981761, "tput": 61.0774911666222}, "all": {"delay": 152.005, "loss": 0.003962116641981761, "tput": 61.0774911666222}}}, "fillp": {"1": {"1": {"delay": 139.122, "loss": 0.004672141470814961, "tput": 75.3912564559427}, "all": {"delay": 139.122, "loss": 0.004672141470814961, "tput": 75.3912564559427}}, "2": {"1": {"delay": 116.281, "loss": 0.0038107944725541687, "tput": 75.24282175302213}, "all": {"delay": 116.281, "loss": 0.0038107944725541687, "tput": 75.24282175302213}}}, "quic": {}, "gold": {"1": {"1": {"delay": 96.195, "loss": 0.018281143976085934, "tput": 9.626850634856815}, "all": {"delay": 96.195, "loss": 0.018281143976085934, "tput": 9.626850634856815}}, "2": {"1": {"delay": 1313.118, "loss": 0.08907146317719761, "tput": 54.33308309603148}, "all": {"delay": 1313.118, "loss": 0.08907146317719761, "tput": 54.33308309603148}}}, "cubic": {"1": {"1": {"delay": 82.444, "loss": 0.0016875237626892137, "tput": 10.208318574411186}, "all": {"delay": 82.444, "loss": 0.0016875237626892137, "tput": 10.208318574411186}}, "2": {"1": {"delay": 185.453, "loss": 0.0016635675966378827, "tput": 12.51610278102772}, "all": {"delay": 185.453, "loss": 0.0016635675966378827, "tput": 12.51610278102772}}}, "sprout": {"1": {"1": {"delay": 88.214, "loss": 0.0006659119859470097, "tput": 3.6715077149150583}, "all": {"delay": 88.214, "loss": 0.0006659119859470097, "tput": 3.6715077149150583}}, "2": {"1": {"delay": 88.959, "loss": 0.006969864674286064, "tput": 3.556515114602864}, "all": {"delay": 88.959, "loss": 0.006969864674286064, "tput": 3.556515114602864}}}, "vivace": {"1": {"1": {"delay": 86.492, "loss": 0.0033358060413932744, "tput": 65.26825099831417}, "all": {"delay": 86.492, "loss": 0.0033358060413932744, "tput": 65.26825099831417}}, "2": {"1": {"delay": 87.993, "loss": 0.003933189251081104, "tput": 64.0172840596284}, "all": {"delay": 87.993, "loss": 0.003933189251081104, "tput": 64.0172840596284}}}, "scream": {"1": {"1": {"delay": 82.652, "loss": 0.003581956786193219, "tput": 0.20180933412439866}, "all": {"delay": 82.652, "loss": 0.003581956786193219, "tput": 0.20180933412439866}}, "2": {"1": {"delay": 82.662, "loss": 0.0025610775205230363, "tput": 0.21760368869615268}, "all": {"delay": 82.662, "loss": 0.0025610775205230363, "tput": 0.21760368869615268}}}, "indigo": {"1": {"1": {"delay": 91.907, "loss": 0.0033898175603200853, "tput": 69.2237806970479}, "all": {"delay": 91.907, "loss": 0.0033898175603200853, "tput": 69.2237806970479}}, "2": {"1": {"delay": 115.834, "loss": 0.003461216935423117, "tput": 71.99198317440371}, "all": {"delay": 115.834, "loss": 0.003461216935423117, "tput": 71.99198317440371}}}, "vegas": {"1": {"1": {"delay": 82.664, "loss": 0.0021886013749545796, "tput": 6.037801533122225}, "all": {"delay": 82.664, "loss": 0.0021886013749545796, "tput": 6.037801533122225}}, "2": {"1": {"delay": 239.835, "loss": 0.0011760932544726543, "tput": 10.224083320723421}, "all": {"delay": 239.835, "loss": 0.0011760932544726543, "tput": 10.224083320723421}}}, "bbr": {"1": {"1": {"delay": 119.391, "loss": 0.003890130831817773, "tput": 68.20876502212472}, "all": {"delay": 119.391, "loss": 0.003890130831817773, "tput": 68.20876502212472}}, "2": {"1": {"delay": 119.682, "loss": 0.004409965155585005, "tput": 67.35849437201482}, "all": {"delay": 119.682, "loss": 0.004409965155585005, "tput": 67.35849437201482}}}, "verus": {"1": {"1": {"delay": 191.265, "loss": 0.007584454830275589, "tput": 53.25957997676163}, "all": {"delay": 191.265, "loss": 0.007584454830275589, "tput": 53.25957997676163}}, "2": {"1": {"delay": 238.05, "loss": 0.007233824261934307, "tput": 53.08632353376781}, "all": {"delay": 238.05, "loss": 0.007233824261934307, "tput": 53.08632353376781}}}, "pcc": {"1": {"1": {"delay": 1001.765, "loss": 0.0033837323530464536, "tput": 72.63906404177087}, "all": {"delay": 1001.765, "loss": 0.0033837323530464536, "tput": 72.63906404177087}}, "2": {"1": {"delay": 987.871, "loss": 0.0033692887214050726, "tput": 71.76980710408895}, "all": {"delay": 987.871, "loss": 0.0033692887214050726, "tput": 71.76980710408895}}}, "pcc_experimental": {"1": {"1": {"delay": 119.163, "loss": 0.004102152731570774, "tput": 63.04683049853349}, "all": {"delay": 119.163, "loss": 0.004102152731570774, "tput": 63.04683049853349}}, "2": {"1": {"delay": 648.16, "loss": 0.024897908317742634, "tput": 66.77472731383001}, "all": {"delay": 648.16, "loss": 0.024897908317742634, "tput": 66.77472731383001}}}, "goldLSTM": {"1": {"1": {"delay": 83.659, "loss": 0.0012970513483172574, "tput": 1.254895180697324}, "all": {"delay": 83.659, "loss": 0.0012970513483172574, "tput": 1.254895180697324}}, "2": {"1": {"delay": 82.252, "loss": 0.004367594198087854, "tput": 0.18570399121549036}, "all": {"delay": 82.252, "loss": 0.004367594198087854, "tput": 0.18570399121549036}}}, "webrtc": {"1": {"1": {"delay": 84.345, "loss": 0.0051995294983202545, "tput": 2.3047126810496477}, "all": {"delay": 84.345, "loss": 0.0051995294983202545, "tput": 2.3047126810496477}}, "2": {"1": {"delay": 82.957, "loss": 0.0, "tput": 0.048116951682170735}, "all": {"delay": 82.957, "loss": 0.0, "tput": 0.048116951682170735}}}, "taova": {"1": {"1": {"delay": 92.609, "loss": 0.004389228311186155, "tput": 69.18726608915749}, "all": {"delay": 92.609, "loss": 0.004389228311186155, "tput": 69.18726608915749}}, "2": {"1": {"delay": 91.833, "loss": 0.004358777847607076, "tput": 69.5632919220017}, "all": {"delay": 91.833, "loss": 0.004358777847607076, "tput": 69.5632919220017}}}, "ledbat": {"1": {"1": {"delay": 83.814, "loss": 0.007237371547957783, "tput": 5.110156949399656}, "all": {"delay": 83.814, "loss": 0.007237371547957783, "tput": 5.110156949399656}}, "2": {"1": {"delay": 83.968, "loss": 0.0051821318959992535, "tput": 5.4121856509401}, "all": {"delay": 83.968, "loss": 0.0051821318959992535, "tput": 5.4121856509401}}}}