{"fillp_sheep": {"1": {"1": {"delay": 11.783, "loss": 0.0, "tput": 40.554751246477444}, "all": {"delay": 11.783, "loss": 0.0, "tput": 40.554751246477444}}}, "copa": {"1": {"1": {"delay": 36.577, "loss": 0.0019383646750503747, "tput": 90.98269614414042}, "all": {"delay": 36.577, "loss": 0.0019383646750503747, "tput": 90.98269614414042}}}, "fillp": {"1": {"1": {"delay": 68.432, "loss": 0.0011578866775163732, "tput": 99.7693283594147}, "all": {"delay": 68.432, "loss": 0.0011578866775163732, "tput": 99.7693283594147}}}, "quic": {}, "gold": {"1": {"1": {"delay": 9007.51, "loss": 0.1281954867111652, "tput": 99.44951832558112}, "all": {"delay": 9007.51, "loss": 0.1281954867111652, "tput": 99.44951832558112}}}, "cubic": {"1": {"1": {"delay": 266.114, "loss": 0.004397815326836696, "tput": 99.97265291211485}, "all": {"delay": 266.114, "loss": 0.004397815326836696, "tput": 99.97265291211485}}}, "sprout": {"1": {"1": {"delay": 8.811, "loss": 0.0, "tput": 49.78730418759092}, "all": {"delay": 8.811, "loss": 0.0, "tput": 49.78730418759092}}}, "vivace": {"1": {"1": {"delay": 2.285, "loss": 0.0014474522900853604, "tput": 12.38017495576928}, "all": {"delay": 2.285, "loss": 0.0014474522900853604, "tput": 12.38017495576928}}}, "scream": {"1": {"1": {"delay": 1.692, "loss": 0.0, "tput": 0.21532778902153146}, "all": {"delay": 1.692, "loss": 0.0, "tput": 0.21532778902153146}}}, "indigo": {"1": {"1": {"delay": 3.061, "loss": 2.6282580741776584e-06, "tput": 76.31622799451101}, "all": {"delay": 3.061, "loss": 2.6282580741776584e-06, "tput": 76.31622799451101}}}, "vegas": {"1": {"1": {"delay": 2.1, "loss": 0.0, "tput": 21.37118573013593}, "all": {"delay": 2.1, "loss": 0.0, "tput": 21.37118573013593}}}, "bbr": {"1": {"1": {"delay": 6.792, "loss": 9.337842946699482e-05, "tput": 98.50018933058692}, "all": {"delay": 6.792, "loss": 9.337842946699482e-05, "tput": 98.50018933058692}}}, "verus": {"1": {"1": {"delay": 13.837, "loss": 8.34512535830001e-05, "tput": 54.373539264388675}, "all": {"delay": 13.837, "loss": 8.34512535830001e-05, "tput": 54.373539264388675}}}, "pcc": {}, "pcc_experimental": {}, "goldLSTM": {"1": {"1": {"delay": 28170.289, "loss": 0.46450454208634007, "tput": 90.63015903508808}, "all": {"delay": 28170.289, "loss": 0.46450454208634007, "tput": 90.63015903508808}}}, "webrtc": {}, "taova": {"1": {"1": {"delay": 1.634, "loss": 1.1019937891876275e-05, "tput": 38.53122524099047}, "all": {"delay": 1.634, "loss": 1.1019937891876275e-05, "tput": 38.53122524099047}}}, "ledbat": {}}