{"synthesizedBBR": {"1": {"1": {"delay": 43.202, "loss": 0.0017320083560626864, "tput": 40.50976988503325}, "all": {"delay": 43.202, "loss": 0.0017320083560626864, "tput": 40.50976988503325}}}, "bbr": {"1": {"1": {"delay": 99.798, "loss": 0.004095755882708607, "tput": 48.39582216958884}, "all": {"delay": 99.798, "loss": 0.004095755882708607, "tput": 48.39582216958884}}}}