{"eagle": {"1": {"1": {"delay": 2585.511, "loss": 0.0018548462262921728, "tput": 1.755115386418628}, "all": {"delay": 2585.511, "loss": 0.0018548462262921728, "tput": 1.755115386418628}}}}