{"pythonBBR-plus": {"1": {"1": {"delay": 105.525, "loss": 0.008012157249935203, "tput": 23.303672869668407}, "all": {"delay": 105.525, "loss": 0.008012157249935203, "tput": 23.303672869668407}}}, "bbr": {"1": {"1": {"delay": 101.072, "loss": 0.009708648032904832, "tput": 48.16657900566062}, "all": {"delay": 101.072, "loss": 0.009708648032904832, "tput": 48.16657900566062}}}}