{"pythonBBR-plus": {"1": {"1": {"delay": 31.458, "loss": 0.04275787023668032, "tput": 2.274472909923393}, "all": {"delay": 31.458, "loss": 0.04275787023668032, "tput": 2.274472909923393}}, "2": {"1": {"delay": 30.624, "loss": 0.04979343269889458, "tput": 0.925580834002003}, "all": {"delay": 30.624, "loss": 0.04979343269889458, "tput": 0.925580834002003}}, "3": {"1": {"delay": 30.491, "loss": 0.05314125254213409, "tput": 0.9015390078787239}, "all": {"delay": 30.491, "loss": 0.05314125254213409, "tput": 0.9015390078787239}}}, "bbr": {"1": {"1": {"delay": 44.226, "loss": 0.06630270136148975, "tput": 9.408020495031714}, "all": {"delay": 44.226, "loss": 0.06630270136148975, "tput": 9.408020495031714}}, "2": {"1": {"delay": 44.077, "loss": 0.06459453613747024, "tput": 9.218726577646859}, "all": {"delay": 44.077, "loss": 0.06459453613747024, "tput": 9.218726577646859}}, "3": {"1": {"delay": 44.324, "loss": 0.06379277141752338, "tput": 9.179621927323756}, "all": {"delay": 44.324, "loss": 0.06379277141752338, "tput": 9.179621927323756}}}, "pythonBBR": {"1": {"1": {"delay": 45.124, "loss": 0.08921885426965936, "tput": 8.241819915687113}, "all": {"delay": 45.124, "loss": 0.08921885426965936, "tput": 8.241819915687113}}, "2": {"1": {"delay": 45.052, "loss": 0.08414940526938519, "tput": 9.132603254795479}, "all": {"delay": 45.052, "loss": 0.08414940526938519, "tput": 9.132603254795479}}, "3": {"1": {"delay": 45.298, "loss": 0.09301134004048439, "tput": 8.748284853379701}, "all": {"delay": 45.298, "loss": 0.09301134004048439, "tput": 8.748284853379701}}}}