{"pybbr": {"1": {"1": {"delay": 45.185, "loss": 0.05338240057947319, "tput": 9.65828870642801}, "all": {"delay": 45.185, "loss": 0.05338240057947319, "tput": 9.65828870642801}}}, "bbr": {}}