{"pybbr": {"1": {"1": {"delay": 21.246, "loss": 0.0008296241380360003, "tput": 41.967268908626664}, "all": {"delay": 21.246, "loss": 0.0008296241380360003, "tput": 41.967268908626664}}, "3": {"1": {"delay": 21.228, "loss": 0.0009219977015338943, "tput": 38.410349690475925}, "all": {"delay": 21.228, "loss": 0.0009219977015338943, "tput": 38.410349690475925}}}, "synthesizedBBR": {"1": {"1": {"delay": 29.467, "loss": 0.0016723645036381685, "tput": 87.04591589486155}, "all": {"delay": 29.467, "loss": 0.0016723645036381685, "tput": 87.04591589486155}}, "2": {"1": {"delay": 29.902, "loss": 0.0019154510129596458, "tput": 84.01320566954792}, "all": {"delay": 29.902, "loss": 0.0019154510129596458, "tput": 84.01320566954792}}, "3": {"1": {"delay": 29.037, "loss": 0.0027530754630361587, "tput": 82.67476007888828}, "all": {"delay": 29.037, "loss": 0.0027530754630361587, "tput": 82.67476007888828}}}, "bbr": {"1": {"1": {"delay": 56.378, "loss": 0.043619823504232436, "tput": 86.65995683934537}, "all": {"delay": 56.378, "loss": 0.043619823504232436, "tput": 86.65995683934537}}, "2": {"1": {"delay": 56.307, "loss": 0.033291536093724594, "tput": 84.7750277251517}, "all": {"delay": 56.307, "loss": 0.033291536093724594, "tput": 84.7750277251517}}, "3": {"1": {"delay": 56.467, "loss": 0.04670063558469861, "tput": 79.3344389898855}, "all": {"delay": 56.467, "loss": 0.04670063558469861, "tput": 79.3344389898855}}}}