{"eagle-v3": {"1": {"1": {"delay": 45.664, "loss": 0.3744878082587738, "tput": 2.8002413166236093}, "all": {"delay": 45.664, "loss": 0.3744878082587738, "tput": 2.8002413166236093}}, "2": {"1": {"delay": 45.618, "loss": 0.530570221622513, "tput": 4.973585456094285}, "all": {"delay": 45.618, "loss": 0.530570221622513, "tput": 4.973585456094285}}, "3": {"1": {"delay": 30.329, "loss": 0.04440957470430629, "tput": 0.017551381371243645}, "all": {"delay": 30.329, "loss": 0.04440957470430629, "tput": 0.017551381371243645}}}, "bbr": {}}