{"pythonBBR-plus": {"1": {"1": {"delay": 112.291, "loss": 0.06605684801840772, "tput": 45.99519201327057}, "all": {"delay": 112.291, "loss": 0.06605684801840772, "tput": 45.99519201327057}}, "2": {"1": {"delay": 112.152, "loss": 0.06303591378819051, "tput": 43.43441407795313}, "all": {"delay": 112.152, "loss": 0.06303591378819051, "tput": 43.43441407795313}}, "3": {"1": {"delay": 112.246, "loss": 0.06757790446514167, "tput": 43.010569725713566}, "all": {"delay": 112.246, "loss": 0.06757790446514167, "tput": 43.010569725713566}}}, "bbr": {"1": {"1": {"delay": 111.091, "loss": 0.015300801544125386, "tput": 47.89710485469378}, "all": {"delay": 111.091, "loss": 0.015300801544125386, "tput": 47.89710485469378}}, "2": {"1": {"delay": 110.389, "loss": 0.016675717183881167, "tput": 47.90031923207089}, "all": {"delay": 110.389, "loss": 0.016675717183881167, "tput": 47.90031923207089}}, "3": {"1": {"delay": 112.214, "loss": 0.028750133486621254, "tput": 48.090897829248135}, "all": {"delay": 112.214, "loss": 0.028750133486621254, "tput": 48.090897829248135}}}}