{"pythonBBR-plus": {"1": {"1": {"delay": 112.146, "loss": 0.003246006812776314, "tput": 39.10212618441683}, "all": {"delay": 112.146, "loss": 0.003246006812776314, "tput": 39.10212618441683}}}, "bbr": {"1": {"1": {"delay": 95.765, "loss": 0.004807630407098529, "tput": 48.30033434737891}, "all": {"delay": 95.765, "loss": 0.004807630407098529, "tput": 48.30033434737891}}}}