{"fillp_sheep": {"1": {"1": {"delay": 15.471, "loss": 0.00026465828673916114, "tput": 10.096853884553353}, "all": {"delay": 15.471, "loss": 0.00026465828673916114, "tput": 10.096853884553353}}}, "copa": {"1": {"1": {"delay": 555.275, "loss": 0.016317417026715852, "tput": 11.968521452194741}, "all": {"delay": 555.275, "loss": 0.016317417026715852, "tput": 11.968521452194741}}}, "fillp": {"1": {"1": {"delay": 70.427, "loss": 0.0024165863923155673, "tput": 11.960459571678284}, "all": {"delay": 70.427, "loss": 0.0024165863923155673, "tput": 11.960459571678284}}}, "quic": {"1": {"1": {"delay": 489.178, "loss": 0.017909736722314218, "tput": 10.95809395776422}, "all": {"delay": 489.178, "loss": 0.017909736722314218, "tput": 10.95809395776422}}}, "gold": {"1": {"1": {"delay": 664.328, "loss": 0.026834288906724568, "tput": 11.990188645671031}, "all": {"delay": 664.328, "loss": 0.026834288906724568, "tput": 11.990188645671031}}}, "cubic": {"1": {"1": {"delay": 1760.852, "loss": 0.03192986426489741, "tput": 11.999372955026882}, "all": {"delay": 1760.852, "loss": 0.03192986426489741, "tput": 11.999372955026882}}}, "sprout": {"1": {"1": {"delay": 73.276, "loss": 0.0019727002740653754, "tput": 11.975969354059394}, "all": {"delay": 73.276, "loss": 0.0019727002740653754, "tput": 11.975969354059394}}}, "vivace": {"1": {"1": {"delay": 29.418, "loss": 0.002600274260256885, "tput": 9.015893445991377}, "all": {"delay": 29.418, "loss": 0.002600274260256885, "tput": 9.015893445991377}}}, "scream": {"1": {"1": {"delay": 1.473, "loss": 0.0, "tput": 0.21736193303180684}, "all": {"delay": 1.473, "loss": 0.0, "tput": 0.21736193303180684}}}, "indigo": {"1": {"1": {"delay": 9.168, "loss": 0.00026867349648129757, "tput": 11.988472621704647}, "all": {"delay": 9.168, "loss": 0.00026867349648129757, "tput": 11.988472621704647}}}, "vegas": {}, "bbr": {}, "verus": {"1": {"1": {"delay": 402.728, "loss": 4.1552397573307864e-05, "tput": 9.513091574827051}, "all": {"delay": 402.728, "loss": 4.1552397573307864e-05, "tput": 9.513091574827051}}}, "pcc": {"1": {"1": {"delay": 2.344, "loss": 0.0, "tput": 4.649585620798715}, "all": {"delay": 2.344, "loss": 0.0, "tput": 4.649585620798715}}}, "pcc_experimental": {"1": {"1": {"delay": 9.102, "loss": 9.468633604803323e-05, "tput": 4.501662821242274}, "all": {"delay": 9.102, "loss": 9.468633604803323e-05, "tput": 4.501662821242274}}}, "goldLSTM": {"1": {"1": {"delay": 603.292, "loss": 0.014330909242674994, "tput": 11.06548749499001}, "all": {"delay": 603.292, "loss": 0.014330909242674994, "tput": 11.06548749499001}}}, "webrtc": {"1": {"1": {"delay": 6.487, "loss": 0.00032639937592193746, "tput": 2.425629290617849}, "all": {"delay": 6.487, "loss": 0.00032639937592193746, "tput": 2.425629290617849}}}, "taova": {"1": {"1": {"delay": 2.998, "loss": 0.0, "tput": 5.403293289671994}, "all": {"delay": 2.998, "loss": 0.0, "tput": 5.403293289671994}}}, "ledbat": {"1": {"1": {"delay": 102.414, "loss": 0.0033787013548799427, "tput": 11.997822134031864}, "all": {"delay": 102.414, "loss": 0.0033787013548799427, "tput": 11.997822134031864}}}}