{"eagle": {"1": {"1": {"delay": 447.505, "loss": 0.002390876592847424, "tput": 7.284606396747716}, "all": {"delay": 424.944, "loss": 0.0022471835767334802, "tput": 8.65286704780424}, "2": {"delay": 290.855, "loss": 0.0014814659718130896, "tput": 2.075441188289502}}}, "copa": {"1": {"1": {"delay": 113.986, "loss": 0.0008235141587422667, "tput": 5.05949683053168}, "all": {"delay": 107.66, "loss": 0.001970507001760491, "tput": 8.455270333798452}, "2": {"delay": 98.118, "loss": 0.0036738075333749842, "tput": 5.103084850877853}}}, "indigo": {"1": {"1": {"delay": 69.471, "loss": 0.0012940477684793006, "tput": 6.882610137478223}, "all": {"delay": 68.953, "loss": 0.001902490260490608, "tput": 9.782537479696845}, "2": {"delay": 68.54, "loss": 0.0033435879317651462, "tput": 4.376192075885859}}}, "sprout": {"1": {"1": {"delay": 74.424, "loss": 0.004193756235238322, "tput": 2.0990130030265473}, "all": {"delay": 74.94, "loss": 0.003268028517790178, "tput": 3.3633582946880005}, "2": {"delay": 76.049, "loss": 0.001731608701344367, "tput": 1.907617351097189}}}, "aurora": {"1": {"1": {"delay": 7617.27, "loss": 0.28341180994241455, "tput": 7.415386062483309}, "all": {"delay": 7721.713, "loss": 0.3235223244940444, "tput": 9.605562432996315}, "2": {"delay": 7911.52, "loss": 0.4312995159185745, "tput": 3.4285364900442463}}}, "vivace": {"1": {"1": {"delay": 124.891, "loss": 0.0013101872914615953, "tput": 6.543064195532515}, "all": {"delay": 122.356, "loss": 0.0016612001958224987, "tput": 8.910566325457243}, "2": {"delay": 118.553, "loss": 0.002628041491309796, "tput": 3.567577812170095}}}, "pcc": {"1": {"1": {"delay": 219.515, "loss": 0.0018093321258125794, "tput": 4.962378477133206}, "all": {"delay": 233.093, "loss": 0.0021579086133814984, "tput": 7.944096524439606}, "2": {"delay": 248.676, "loss": 0.00273726174485045, "tput": 4.497218220490936}}}, "bbr": {"1": {"1": {"delay": 258.489, "loss": 0.004593471500036639, "tput": 7.21216695682393}, "all": {"delay": 258.943, "loss": 0.005822715852450533, "tput": 9.721981801960148}, "2": {"delay": 267.072, "loss": 0.009338216921819797, "tput": 3.788178842032689}}}}