{"eagle": {"1": {"1": {"delay": 532.373, "loss": 0.0017548790259991343, "tput": 7.159784428691063}, "all": {"delay": 522.234, "loss": 0.0016850024183294732, "tput": 7.697776281816843}, "2": {"delay": 288.991, "loss": 0.0007541277180648231, "tput": 0.8202057825957593}}}, "copa": {"1": {"1": {"delay": 94.808, "loss": 0.0007332976536782443, "tput": 7.4087299928963475}, "all": {"delay": 87.755, "loss": 0.0007157516286790955, "tput": 9.312742128399895}, "2": {"delay": 77.408, "loss": 0.0006474721654297078, "tput": 2.8646789001200466}}}, "indigo": {"1": {"1": {"delay": 75.435, "loss": 0.0008708136721229387, "tput": 6.502737049718683}, "all": {"delay": 85.002, "loss": 0.00224340181663063, "tput": 9.542565758419027}, "2": {"delay": 104.43, "loss": 0.005166987770667375, "tput": 4.60219831070081}}}, "sprout": {"1": {"1": {"delay": 75.067, "loss": 0.003934852177851389, "tput": 2.246398440744763}, "all": {"delay": 75.371, "loss": 0.002450467826676128, "tput": 3.6234846692084623}, "2": {"delay": 75.799, "loss": 1.9519096312703432e-05, "tput": 2.075817285835495}}}, "aurora": {"1": {"1": {"delay": 7592.956, "loss": 0.2825309870730225, "tput": 7.427577115626403}, "all": {"delay": 7697.506, "loss": 0.3226190737219351, "tput": 9.609446440083255}, "2": {"delay": 7889.708, "loss": 0.43085699514855624, "tput": 3.4184796261025827}}}, "vivace": {"1": {"1": {"delay": 101.899, "loss": 0.0012795206457544284, "tput": 7.8850758516366986}, "all": {"delay": 106.608, "loss": 0.001468871478900624, "tput": 9.037874338475985}, "2": {"delay": 127.225, "loss": 0.002761897870082297, "tput": 1.7354325312168335}}}, "pcc": {"1": {"1": {"delay": 1172.236, "loss": 0.03923120544110459, "tput": 8.270781929957051}, "all": {"delay": 1176.322, "loss": 0.04222763142835606, "tput": 9.600636573694555}, "2": {"delay": 1189.268, "loss": 0.06045173426358619, "tput": 2.006860003322254}}}, "bbr": {"1": {"1": {"delay": 263.374, "loss": 0.0047053228105385925, "tput": 7.123584395496793}, "all": {"delay": 275.522, "loss": 0.005780051732419467, "tput": 9.722429834578788}, "2": {"delay": 310.537, "loss": 0.008712768455172104, "tput": 3.9236977736940446}}}}