{"eagle": {"1": {"1": {"delay": 85.753, "loss": 0.0019467549541668516, "tput": 0.6286857124287694}, "all": {"delay": 85.753, "loss": 0.0019467549541668516, "tput": 0.6286857124287694}}}, "fillp_sheep": {"1": {"1": {"delay": 238.435, "loss": 0.003441391210055267, "tput": 2.9212082195612843}, "all": {"delay": 238.435, "loss": 0.003441391210055267, "tput": 2.9212082195612843}}}, "copa": {"1": {"1": {"delay": 95.805, "loss": 0.0016783924615217938, "tput": 2.4839021482864077}, "all": {"delay": 95.805, "loss": 0.0016783924615217938, "tput": 2.4839021482864077}}}, "fillp": {"1": {"1": {"delay": 584.35, "loss": 0.02169085112058633, "tput": 2.979488758879149}, "all": {"delay": 584.35, "loss": 0.02169085112058633, "tput": 2.979488758879149}}}, "quic": {}, "gold": {"1": {"1": {"delay": 4482.103, "loss": 0.18789695207204948, "tput": 2.936904329924454}, "all": {"delay": 4482.103, "loss": 0.18789695207204948, "tput": 2.936904329924454}}}, "cubic": {"1": {"1": {"delay": 6162.67, "loss": 0.18022205904229183, "tput": 2.962026570131716}, "all": {"delay": 6162.67, "loss": 0.18022205904229183, "tput": 2.962026570131716}}}, "sprout": {"1": {"1": {"delay": 74.128, "loss": 0.0017919097534118134, "tput": 0.5835281768666558}, "all": {"delay": 74.128, "loss": 0.0017919097534118134, "tput": 0.5835281768666558}}}, "aurora": {"1": {"1": {"delay": 13645.075, "loss": 0.4630874851711997, "tput": 2.9748294975743232}, "all": {"delay": 13645.075, "loss": 0.4630874851711997, "tput": 2.9748294975743232}}}, "vivace": {"1": {"1": {"delay": 378.373, "loss": 0.0009880790441719745, "tput": 1.9973756112242862}, "all": {"delay": 378.373, "loss": 0.0009880790441719745, "tput": 1.9973756112242862}}}, "scream": {"1": {"1": {"delay": 54.474, "loss": 0.0011847787113972164, "tput": 0.08583762860873803}, "all": {"delay": 54.474, "loss": 0.0011847787113972164, "tput": 0.08583762860873803}}}, "indigo": {"1": {"1": {"delay": 86.451, "loss": 0.0023745242047125137, "tput": 2.393995635231706}, "all": {"delay": 86.451, "loss": 0.0023745242047125137, "tput": 2.393995635231706}}}, "vegas": {"1": {"1": {"delay": 90.605, "loss": 0.002238430893768628, "tput": 2.684709848727848}, "all": {"delay": 90.605, "loss": 0.002238430893768628, "tput": 2.684709848727848}}}, "bbr": {"1": {"1": {"delay": 250.175, "loss": 0.005772305103157516, "tput": 2.9046320614172974}, "all": {"delay": 250.175, "loss": 0.005772305103157516, "tput": 2.9046320614172974}}}, "verus": {"1": {"1": {"delay": 567.53, "loss": 0.014559894109861027, "tput": 2.9654277300604077}, "all": {"delay": 567.53, "loss": 0.014559894109861027, "tput": 2.9654277300604077}}}, "pcc": {"1": {"1": {"delay": 656.08, "loss": 0.0017703318182213934, "tput": 2.102476716536155}, "all": {"delay": 656.08, "loss": 0.0017703318182213934, "tput": 2.102476716536155}}}, "pcc_experimental": {"1": {"1": {"delay": 13648.938, "loss": 0.4629656495004678, "tput": 2.974889523714685}, "all": {"delay": 13648.938, "loss": 0.4629656495004678, "tput": 2.974889523714685}}}, "goldLSTM": {}, "webrtc": {"1": {"1": {"delay": 142.282, "loss": 0.0, "tput": 0.04843117725780133}, "all": {"delay": 142.282, "loss": 0.0, "tput": 0.04843117725780133}}}, "taova": {"1": {"1": {"delay": 169.551, "loss": 0.0018434272184392198, "tput": 2.9394945472063325}, "all": {"delay": 169.551, "loss": 0.0018434272184392198, "tput": 2.9394945472063325}}}, "ledbat": {"1": {"1": {"delay": 188.986, "loss": 0.005215955748581025, "tput": 2.918904586841002}, "all": {"delay": 188.986, "loss": 0.005215955748581025, "tput": 2.918904586841002}}}}