{"eagle": {"1": {"1": {"delay": 58.876, "loss": 0.0005491409787669044, "tput": 0.7434145440850781}, "all": {"delay": 58.876, "loss": 0.0005491409787669044, "tput": 0.7434145440850781}}}}