{"eagle": {"1": {"1": {"delay": 57.162, "loss": 0.001958838917819894, "tput": 0.8324666568271472}, "all": {"delay": 57.162, "loss": 0.001958838917819894, "tput": 0.8324666568271472}}}}