{"eagle": {"1": {"1": {"delay": 213.131, "loss": 0.0002859572676897626, "tput": 1.428263924950518}, "all": {"delay": 213.131, "loss": 0.0002859572676897626, "tput": 1.428263924950518}}}}