{"eagle": {"1": {"1": {"delay": 328.62, "loss": 0.01070496840234647, "tput": 26.483164027957802}, "all": {"delay": 328.62, "loss": 0.01070496840234647, "tput": 26.483164027957802}}, "2": {"1": {"delay": 364.228, "loss": 0.01175121761000697, "tput": 30.81923155708047}, "all": {"delay": 364.228, "loss": 0.01175121761000697, "tput": 30.81923155708047}}}, "copa": {"1": {"1": {"delay": 216.44, "loss": 0.008103653458404136, "tput": 33.062454687331325}, "all": {"delay": 216.44, "loss": 0.008103653458404136, "tput": 33.062454687331325}}, "2": {"1": {"delay": 216.225, "loss": 0.005511761885330757, "tput": 40.678922531068956}, "all": {"delay": 216.225, "loss": 0.005511761885330757, "tput": 40.678922531068956}}}, "indigo": {"1": {"1": {"delay": 127.579, "loss": 0.0077527821476452985, "tput": 45.7133601943097}, "all": {"delay": 127.579, "loss": 0.0077527821476452985, "tput": 45.7133601943097}}, "2": {"1": {"delay": 133.923, "loss": 0.007885212000571573, "tput": 45.12760537141906}, "all": {"delay": 133.923, "loss": 0.007885212000571573, "tput": 45.12760537141906}}}, "cubic": {"1": {"1": {"delay": 341.926, "loss": 0.02340261968302504, "tput": 45.554541430697206}, "all": {"delay": 341.926, "loss": 0.02340261968302504, "tput": 45.554541430697206}}, "2": {"1": {"delay": 336.541, "loss": 0.0216387357000124, "tput": 45.572687379907954}, "all": {"delay": 336.541, "loss": 0.0216387357000124, "tput": 45.572687379907954}}}, "sprout": {"1": {"1": {"delay": 104.869, "loss": 0.0001249257070605747, "tput": 0.8636192377056578}, "all": {"delay": 104.869, "loss": 0.0001249257070605747, "tput": 0.8636192377056578}}, "2": {"1": {"delay": 105.16, "loss": 0.00010904548849077766, "tput": 0.98854814046382}, "all": {"delay": 105.16, "loss": 0.00010904548849077766, "tput": 0.98854814046382}}}, "aurora": {"1": {"1": {"delay": 502.578, "loss": 0.008173951174354488, "tput": 39.65727563195228}, "all": {"delay": 502.578, "loss": 0.008173951174354488, "tput": 39.65727563195228}}, "2": {"1": {"delay": 499.412, "loss": 0.007463927110924917, "tput": 42.08093793227054}, "all": {"delay": 499.412, "loss": 0.007463927110924917, "tput": 42.08093793227054}}}, "vivace": {"1": {"1": {"delay": 192.06, "loss": 0.007027437557740268, "tput": 33.24256091163589}, "all": {"delay": 192.06, "loss": 0.007027437557740268, "tput": 33.24256091163589}}, "2": {"1": {"delay": 191.493, "loss": 0.00843860186052614, "tput": 32.6629841405058}, "all": {"delay": 191.493, "loss": 0.00843860186052614, "tput": 32.6629841405058}}}, "pcc": {"1": {"1": {"delay": 502.175, "loss": 0.008424932697628895, "tput": 38.42841190675654}, "all": {"delay": 502.175, "loss": 0.008424932697628895, "tput": 38.42841190675654}}, "2": {"1": {"delay": 526.008, "loss": 0.011552858318520154, "tput": 40.62745137597258}, "all": {"delay": 526.008, "loss": 0.011552858318520154, "tput": 40.62745137597258}}}, "bbr": {"1": {"1": {"delay": 430.9, "loss": 0.009414012722801957, "tput": 43.97456012080165}, "all": {"delay": 430.9, "loss": 0.009414012722801957, "tput": 43.97456012080165}}, "2": {"1": {"delay": 427.364, "loss": 0.009243738907513288, "tput": 43.96317417671573}, "all": {"delay": 427.364, "loss": 0.009243738907513288, "tput": 43.96317417671573}}}, "ledbat": {"1": {"1": {"delay": 103.476, "loss": 0.0, "tput": 4.300391299999893}, "all": {"delay": 103.476, "loss": 0.0, "tput": 4.300391299999893}}, "2": {"1": {"delay": 103.55, "loss": 0.014474104857337355, "tput": 4.238354385187456}, "all": {"delay": 103.55, "loss": 0.014474104857337355, "tput": 4.238354385187456}}}}