{"goldIRL": {"1": {"1": {"delay": 6418.272, "loss": 0.00033617106229866245, "tput": 89.32704272331107}, "all": {"delay": 6418.272, "loss": 0.00033617106229866245, "tput": 89.32704272331107}}}}