{"aurora": {"1": {"1": {"delay": 3309.296, "loss": 0.03563343692039356, "tput": 6.746359171445476}, "all": {"delay": 3309.296, "loss": 0.03563343692039356, "tput": 6.746359171445476}}}, "synthesizedBBR": {"1": {"1": {"delay": 574.29, "loss": 0.04543590105693862, "tput": 3.816805538973746}, "all": {"delay": 574.29, "loss": 0.04543590105693862, "tput": 3.816805538973746}}}, "vivace": {"1": {"1": {"delay": 1066.942, "loss": 0.10058177194936291, "tput": 4.9691635256833635}, "all": {"delay": 1066.942, "loss": 0.10058177194936291, "tput": 4.9691635256833635}}}, "pcc": {"1": {"1": {"delay": 6882.512, "loss": 0.15434644542523857, "tput": 7.356026657910966}, "all": {"delay": 6882.512, "loss": 0.15434644542523857, "tput": 7.356026657910966}}}, "bbr": {"1": {"1": {"delay": 896.805, "loss": 0.019997560450862983, "tput": 6.8512930128984415}, "all": {"delay": 896.805, "loss": 0.019997560450862983, "tput": 6.8512930128984415}}}, "pcc_experimental": {"1": {"1": {"delay": 2721.358, "loss": 0.06512402551143737, "tput": 5.976230673608417}, "all": {"delay": 2721.358, "loss": 0.06512402551143737, "tput": 5.976230673608417}}}}