{"pcc": {"1": {"1": {"delay_95th": 67.741, "delay_mean": 44.1032744993581, "tput": 44.52847746570108, "delay_99th": 79.418, "loss": 0.007891041748739336}, "all": {"delay_95th": 67.741, "delay_mean": 44.1032744993581, "tput": 44.52847746570108, "delay_99th": 79.418, "loss": 0.007891041748739336}}, "2": {"1": {"delay_95th": 49.972, "delay_mean": 42.46403833496673, "tput": 37.48212298548062, "delay_99th": 75.898, "loss": 0.008819847886959775}, "all": {"delay_95th": 49.972, "delay_mean": 42.46403833496673, "tput": 37.48212298548062, "delay_99th": 75.898, "loss": 0.008819847886959775}}, "3": {"1": {"delay_95th": 43.339, "delay_mean": 41.85338179827732, "tput": 37.390704525113286, "delay_99th": 77.668, "loss": 0.009033491002540806}, "all": {"delay_95th": 43.339, "delay_mean": 41.85338179827732, "tput": 37.390704525113286, "delay_99th": 77.668, "loss": 0.009033491002540806}}}, "bbr": {"1": {"1": {"delay_95th": 110.371, "delay_mean": 86.25482963863246, "tput": 48.13134290483293, "delay_99th": 112.437, "loss": 0.01953180433975965}, "all": {"delay_95th": 110.371, "delay_mean": 86.25482963863246, "tput": 48.13134290483293, "delay_99th": 112.437, "loss": 0.01953180433975965}}, "2": {"1": {"delay_95th": 111.234, "delay_mean": 84.45570567629635, "tput": 48.129327227857644, "delay_99th": 112.351, "loss": 0.016457554697950183}, "all": {"delay_95th": 111.234, "delay_mean": 84.45570567629635, "tput": 48.129327227857644, "delay_99th": 112.351, "loss": 0.016457554697950183}}, "3": {"1": {"delay_95th": 110.323, "delay_mean": 86.61546572011815, "tput": 48.25841112882535, "delay_99th": 112.571, "loss": 0.01676714406075608}, "all": {"delay_95th": 110.323, "delay_mean": 86.61546572011815, "tput": 48.25841112882535, "delay_99th": 112.571, "loss": 0.01676714406075608}}}, "cubic": {"1": {"1": {"delay_95th": 104.554, "delay_mean": 65.56904592632516, "tput": 49.039094610790904, "delay_99th": 111.39, "loss": 0.0029799434499008237}, "all": {"delay_95th": 104.554, "delay_mean": 65.56904592632516, "tput": 49.039094610790904, "delay_99th": 111.39, "loss": 0.0029799434499008237}}, "2": {"1": {"delay_95th": 101.317, "delay_mean": 80.90767876774241, "tput": 49.1839735660655, "delay_99th": 111.89, "loss": 0.010252349437639308}, "all": {"delay_95th": 101.317, "delay_mean": 80.90767876774241, "tput": 49.1839735660655, "delay_99th": 111.89, "loss": 0.010252349437639308}}, "3": {"1": {"delay_95th": 108.06, "delay_mean": 82.39300526397149, "tput": 49.23027239429788, "delay_99th": 111.586, "loss": 0.0027910043377183946}, "all": {"delay_95th": 108.06, "delay_mean": 82.39300526397149, "tput": 49.23027239429788, "delay_99th": 111.586, "loss": 0.0027910043377183946}}}}