{"eagle": {"1": {"1": {"delay": 101.551, "loss": 0.002949843673928365, "tput": 6.025670269563052}, "all": {"delay": 101.551, "loss": 0.002949843673928365, "tput": 6.025670269563052}}}}