{"eagle": {"1": {"1": {"delay": 362.578, "loss": 0.006489569103469539, "tput": 32.04898536525863}, "all": {"delay": 362.578, "loss": 0.006489569103469539, "tput": 32.04898536525863}}, "2": {"1": {"delay": 437.761, "loss": 0.0018245963635619145, "tput": 37.02928648758448}, "all": {"delay": 437.761, "loss": 0.0018245963635619145, "tput": 37.02928648758448}}}}