{"eagle": {"1": {"1": {"delay": 3541.773, "loss": 0.0006711655640162517, "tput": 0.6397023033816139}, "all": {"delay": 3541.773, "loss": 0.0006711655640162517, "tput": 0.6397023033816139}}}, "fillp_sheep": {"1": {"1": {"delay": 3643.815, "loss": 0.0006275529628888554, "tput": 1.4202870712131102}, "all": {"delay": 3643.815, "loss": 0.0006275529628888554, "tput": 1.4202870712131102}}}, "copa": {"1": {"1": {"delay": 359.221, "loss": 0.00362224260247046, "tput": 0.9883108142967778}, "all": {"delay": 359.221, "loss": 0.00362224260247046, "tput": 0.9883108142967778}}}, "fillp": {"1": {"1": {"delay": 9634.617, "loss": 0.08783855179949751, "tput": 1.681309541838653}, "all": {"delay": 9634.617, "loss": 0.08783855179949751, "tput": 1.681309541838653}}}, "quic": {}, "gold": {"1": {"1": {"delay": 7322.734, "loss": 0.10333396496327873, "tput": 1.4800424919811979}, "all": {"delay": 7322.734, "loss": 0.10333396496327873, "tput": 1.4800424919811979}}}, "cubic": {"1": {"1": {"delay": 7315.677, "loss": 0.139053650914994, "tput": 1.295470853883565}, "all": {"delay": 7315.677, "loss": 0.139053650914994, "tput": 1.295470853883565}}}, "sprout": {"1": {"1": {"delay": 1825.215, "loss": 0.0018293429180595844, "tput": 0.443846079817424}, "all": {"delay": 1825.215, "loss": 0.0018293429180595844, "tput": 0.443846079817424}}}, "aurora": {"1": {"1": {"delay": 17679.459, "loss": 0.6880846694118785, "tput": 1.7364985055692397}, "all": {"delay": 17679.459, "loss": 0.6880846694118785, "tput": 1.7364985055692397}}}, "vivace": {"1": {"1": {"delay": 9226.263, "loss": 0.30488514485549534, "tput": 1.6341813098029208}, "all": {"delay": 9226.263, "loss": 0.30488514485549534, "tput": 1.6341813098029208}}}, "scream": {"1": {"1": {"delay": 1049.677, "loss": 0.0016689411396227927, "tput": 0.06395514924519906}, "all": {"delay": 1049.677, "loss": 0.0016689411396227927, "tput": 0.06395514924519906}}}, "indigo": {"1": {"1": {"delay": 273.084, "loss": 0.000753604490276949, "tput": 1.1401157135471693}, "all": {"delay": 273.084, "loss": 0.000753604490276949, "tput": 1.1401157135471693}}}, "vegas": {"1": {"1": {"delay": 234.255, "loss": 0.0, "tput": 0.23357938412839016}, "all": {"delay": 234.255, "loss": 0.0, "tput": 0.23357938412839016}}}, "bbr": {"1": {"1": {"delay": 952.273, "loss": 0.009067814059618207, "tput": 1.5493402773464104}, "all": {"delay": 952.273, "loss": 0.009067814059618207, "tput": 1.5493402773464104}}}, "verus": {"1": {"1": {"delay": 1073.579, "loss": 0.015098314606741603, "tput": 1.187465035800655}, "all": {"delay": 1073.579, "loss": 0.015098314606741603, "tput": 1.187465035800655}}}, "pcc": {"1": {"1": {"delay": 10615.574, "loss": 0.3842168610133061, "tput": 1.4612788636078764}, "all": {"delay": 10615.574, "loss": 0.3842168610133061, "tput": 1.4612788636078764}}}, "pcc_experimental": {"1": {"1": {"delay": 18220.211, "loss": 0.7011233413692093, "tput": 1.7379644548020414}, "all": {"delay": 18220.211, "loss": 0.7011233413692093, "tput": 1.7379644548020414}}}, "goldLSTM": {}, "webrtc": {"1": {"1": {"delay": 496.186, "loss": 0.0, "tput": 0.04748962636661038}, "all": {"delay": 496.186, "loss": 0.0, "tput": 0.04748962636661038}}}, "taova": {"1": {"1": {"delay": 947.487, "loss": 0.00977600705406001, "tput": 1.5388021941263097}, "all": {"delay": 947.487, "loss": 0.00977600705406001, "tput": 1.5388021941263097}}}, "ledbat": {"1": {"1": {"delay": 389.29, "loss": 0.006031636315760314, "tput": 1.3147059479558032}, "all": {"delay": 389.29, "loss": 0.006031636315760314, "tput": 1.3147059479558032}}}}