{"eagle": {"1": {"1": {"delay": 2972.067, "loss": 0.0008591468786048884, "tput": 0.5003369437971436}, "all": {"delay": 2972.067, "loss": 0.0008591468786048884, "tput": 0.5003369437971436}}}}