{"eagle": {"1": {"1": {"delay": 3602.668, "loss": 0.001964706878831768, "tput": 0.654731588190994}, "all": {"delay": 3602.668, "loss": 0.001964706878831768, "tput": 0.654731588190994}}}}