{"eagle": {"1": {"1": {"delay": 327.923, "loss": 0.003343420945125186, "tput": 7.864319352235532}, "all": {"delay": 327.923, "loss": 0.003343420945125186, "tput": 7.864319352235532}}}, "indigo": {"1": {"1": {"delay": 202.723, "loss": 0.0037301314548059405, "tput": 9.838259568166299}, "all": {"delay": 202.723, "loss": 0.0037301314548059405, "tput": 9.838259568166299}}}, "aurora": {"1": {"1": {"delay": 1083.718, "loss": 0.07660378806529622, "tput": 9.241309591351916}, "all": {"delay": 1083.718, "loss": 0.07660378806529622, "tput": 9.241309591351916}}}, "vivace": {"1": {"1": {"delay": 86.949, "loss": 0.004032914629834683, "tput": 8.47395465706877}, "all": {"delay": 86.949, "loss": 0.004032914629834683, "tput": 8.47395465706877}}}, "pcc": {"1": {"1": {"delay": 704.748, "loss": 0.0033880292195113126, "tput": 8.448771408100301}, "all": {"delay": 704.748, "loss": 0.0033880292195113126, "tput": 8.448771408100301}}}, "bbr": {"1": {"1": {"delay": 254.165, "loss": 0.008503456182524016, "tput": 9.55741090831165}, "all": {"delay": 254.165, "loss": 0.008503456182524016, "tput": 9.55741090831165}}}}