{"eagle": {"1": {"1": {"delay": 329.193, "loss": 0.013180404446246907, "tput": 7.5934753587489}, "all": {"delay": 329.193, "loss": 0.013180404446246907, "tput": 7.5934753587489}}}, "bbr": {"1": {"1": {"delay": 256.456, "loss": 0.0087513691030775, "tput": 9.559338440802218}, "all": {"delay": 256.456, "loss": 0.0087513691030775, "tput": 9.559338440802218}}}}