{"eagle": {"1": {"1": {"delay": 326.44, "loss": 0.002034787679740413, "tput": 8.114586583474093}, "all": {"delay": 326.44, "loss": 0.002034787679740413, "tput": 8.114586583474093}}, "2": {"1": {"delay": 324.112, "loss": 0.02167636376423976, "tput": 8.6778342841244}, "all": {"delay": 324.112, "loss": 0.02167636376423976, "tput": 8.6778342841244}}}, "indigo": {"1": {"1": {"delay": 66.646, "loss": 0.004007531430557432, "tput": 9.566283140000314}, "all": {"delay": 66.646, "loss": 0.004007531430557432, "tput": 9.566283140000314}}, "2": {"1": {"delay": 64.292, "loss": 0.004327841149445177, "tput": 8.848449412659566}, "all": {"delay": 64.292, "loss": 0.004327841149445177, "tput": 8.848449412659566}}}, "sprout": {"1": {"1": {"delay": 73.919, "loss": 0.005791929169289056, "tput": 2.308480187949997}, "all": {"delay": 73.919, "loss": 0.005791929169289056, "tput": 2.308480187949997}}, "2": {"1": {"delay": 75.805, "loss": 2.0739560145366376e-05, "tput": 2.588905111547653}, "all": {"delay": 75.805, "loss": 2.0739560145366376e-05, "tput": 2.588905111547653}}}, "aurora": {"1": {"1": {"delay": 1076.717, "loss": 0.07593891031949573, "tput": 9.239691463430267}, "all": {"delay": 1076.717, "loss": 0.07593891031949573, "tput": 9.239691463430267}}, "2": {"1": {"delay": 401.335, "loss": 0.013027001421127449, "tput": 8.415202546419986}, "all": {"delay": 401.335, "loss": 0.013027001421127449, "tput": 8.415202546419986}}}, "vivace": {"1": {"1": {"delay": 89.041, "loss": 0.003905825532717122, "tput": 8.50426252369801}, "all": {"delay": 89.041, "loss": 0.003905825532717122, "tput": 8.50426252369801}}, "2": {"1": {"delay": 88.518, "loss": 0.0042610501122397615, "tput": 8.516436334814312}, "all": {"delay": 88.518, "loss": 0.0042610501122397615, "tput": 8.516436334814312}}}, "pcc": {"1": {"1": {"delay": 716.375, "loss": 0.0037005936596661293, "tput": 8.71486450578172}, "all": {"delay": 716.375, "loss": 0.0037005936596661293, "tput": 8.71486450578172}}, "2": {"1": {"delay": 752.117, "loss": 0.0034293485146499325, "tput": 8.33962432732523}, "all": {"delay": 752.117, "loss": 0.0034293485146499325, "tput": 8.33962432732523}}}, "bbr": {"1": {"1": {"delay": 256.54, "loss": 0.009248364067156123, "tput": 9.555537489755954}, "all": {"delay": 256.54, "loss": 0.009248364067156123, "tput": 9.555537489755954}}, "2": {"1": {"delay": 255.437, "loss": 0.0087513691030775, "tput": 9.558004897224846}, "all": {"delay": 255.437, "loss": 0.0087513691030775, "tput": 9.558004897224846}}}}