{"eagle": {"1": {"1": {"delay": 222.817, "loss": 0.0016958079630106093, "tput": 91.53312706930217}, "all": {"delay": 222.576, "loss": 0.0019125509759887471, "tput": 93.43024021412451}, "2": {"delay": 100.228, "loss": 0.01225944882927199, "tput": 4.006005378723054}}}}