{"pcc": {"1": {"1": {"delay_95th": 62.478, "delay_mean": 30.487449136868065, "tput": 1.8337676314082114, "delay_99th": 174.848, "loss": 0.0006704267506123518}, "all": {"delay_95th": 62.478, "delay_mean": 30.487449136868065, "tput": 1.8337676314082114, "delay_99th": 174.848, "loss": 0.0006704267506123518}}, "2": {"1": {"delay_95th": 62.673, "delay_mean": 30.65395949855352, "tput": 2.1079682821927053, "delay_99th": 182.133, "loss": 0.0007738457436957669}, "all": {"delay_95th": 62.673, "delay_mean": 30.65395949855352, "tput": 2.1079682821927053, "delay_99th": 182.133, "loss": 0.0007738457436957669}}, "3": {"1": {"delay_95th": 165.986, "delay_mean": 40.88023770694341, "tput": 2.426184210610186, "delay_99th": 368.28, "loss": 0.0006725594845921057}, "all": {"delay_95th": 165.986, "delay_mean": 40.88023770694341, "tput": 2.426184210610186, "delay_99th": 368.28, "loss": 0.0006725594845921057}}, "4": {"1": {"delay_95th": 1212.126, "delay_mean": 181.75342755995433, "tput": 4.382907841897755, "delay_99th": 1725.895, "loss": 0.005592677985320815}, "all": {"delay_95th": 1212.126, "delay_mean": 181.75342755995433, "tput": 4.382907841897755, "delay_99th": 1725.895, "loss": 0.005592677985320815}}, "5": {"1": {"delay_95th": 1395.463, "delay_mean": 211.67315955208176, "tput": 4.457971810025472, "delay_99th": 1946.595, "loss": 0.00500904540939473}, "all": {"delay_95th": 1395.463, "delay_mean": 211.67315955208176, "tput": 4.457971810025472, "delay_99th": 1946.595, "loss": 0.00500904540939473}}}, "aurora": {"1": {"1": {"delay_95th": 3578.156, "delay_mean": 1008.8185998671978, "tput": 6.439120599854771, "delay_99th": 3983.987, "loss": 0.0026907687313154627}, "all": {"delay_95th": 3578.156, "delay_mean": 1008.8185998671978, "tput": 6.439120599854771, "delay_99th": 3983.987, "loss": 0.0026907687313154627}}, "2": {"1": {"delay_95th": 4487.472, "delay_mean": 2266.5245944033068, "tput": 7.186614064306345, "delay_99th": 4761.737, "loss": 0.11368108688730139}, "all": {"delay_95th": 4487.472, "delay_mean": 2266.5245944033068, "tput": 7.186614064306345, "delay_99th": 4761.737, "loss": 0.11368108688730139}}, "3": {"1": {"delay_95th": 214.952, "delay_mean": 59.52320100202792, "tput": 3.5825137955361814, "delay_99th": 372.632, "loss": 0.026749193933256477}, "all": {"delay_95th": 214.952, "delay_mean": 59.52320100202792, "tput": 3.5825137955361814, "delay_99th": 372.632, "loss": 0.026749193933256477}}, "4": {"1": {"delay_95th": 647.088, "delay_mean": 123.72235827954597, "tput": 3.8399763928678268, "delay_99th": 1131.124, "loss": 0.0004076368050865975}, "all": {"delay_95th": 647.088, "delay_mean": 123.72235827954597, "tput": 3.8399763928678268, "delay_99th": 1131.124, "loss": 0.0004076368050865975}}, "5": {"1": {"delay_95th": 246.738, "delay_mean": 63.23665932803235, "tput": 4.649185233308567, "delay_99th": 504.023, "loss": 0.03504387821527544}, "all": {"delay_95th": 246.738, "delay_mean": 63.23665932803235, "tput": 4.649185233308567, "delay_99th": 504.023, "loss": 0.03504387821527544}}}, "pareto": {"1": {"1": {"delay_95th": 36.055, "delay_mean": 27.43444084682441, "tput": 0.32233879387938796, "delay_99th": 140.75, "loss": 0.0012452741844699577}, "all": {"delay_95th": 36.055, "delay_mean": 27.43444084682441, "tput": 0.32233879387938796, "delay_99th": 140.75, "loss": 0.0012452741844699577}}, "2": {"1": {"delay_95th": 30.628, "delay_mean": 24.205159044368603, "tput": 0.5871701071990238, "delay_99th": 42.252, "loss": 0.0006825770834300027}, "all": {"delay_95th": 30.628, "delay_mean": 24.205159044368603, "tput": 0.5871701071990238, "delay_99th": 42.252, "loss": 0.0006825770834300027}}, "3": {"1": {"delay_95th": 29.447, "delay_mean": 24.033113753877974, "tput": 0.3870923664737209, "delay_99th": 41.336, "loss": 0.0}, "all": {"delay_95th": 29.447, "delay_mean": 24.033113753877974, "tput": 0.3870923664737209, "delay_99th": 41.336, "loss": 0.0}}, "4": {"1": {"delay_95th": 30.031, "delay_mean": 23.88551902587519, "tput": 0.2628199925732054, "delay_99th": 41.764, "loss": 0.0}, "all": {"delay_95th": 30.031, "delay_mean": 23.88551902587519, "tput": 0.2628199925732054, "delay_99th": 41.764, "loss": 0.0}}, "5": {"1": {"delay_95th": 29.832, "delay_mean": 23.843268844221104, "tput": 0.3188550080863182, "delay_99th": 39.404, "loss": 0.0012562245928575688}, "all": {"delay_95th": 29.832, "delay_mean": 23.843268844221104, "tput": 0.3188550080863182, "delay_99th": 39.404, "loss": 0.0012562245928575688}}}, "bbr": {"1": {"1": {"delay_95th": 209.981, "delay_mean": 88.04746503675842, "tput": 7.028953785569599, "delay_99th": 286.515, "loss": 0.00408693300048546}, "all": {"delay_95th": 209.981, "delay_mean": 88.04746503675842, "tput": 7.028953785569599, "delay_99th": 286.515, "loss": 0.00408693300048546}}, "2": {"1": {"delay_95th": 196.209, "delay_mean": 86.18292788155686, "tput": 6.920366449796611, "delay_99th": 279.465, "loss": 0.004032461855599134}, "all": {"delay_95th": 196.209, "delay_mean": 86.18292788155686, "tput": 6.920366449796611, "delay_99th": 279.465, "loss": 0.004032461855599134}}, "3": {"1": {"delay_95th": 276.107, "delay_mean": 97.33936304347827, "tput": 6.996378344843883, "delay_99th": 364.305, "loss": 0.003875500091492179}, "all": {"delay_95th": 276.107, "delay_mean": 97.33936304347827, "tput": 6.996378344843883, "delay_99th": 364.305, "loss": 0.003875500091492179}}, "4": {"1": {"delay_95th": 197.643, "delay_mean": 85.12721675516224, "tput": 6.784214885822593, "delay_99th": 289.865, "loss": 0.0028828408761263358}, "all": {"delay_95th": 197.643, "delay_mean": 85.12721675516224, "tput": 6.784214885822593, "delay_99th": 289.865, "loss": 0.0028828408761263358}}, "5": {"1": {"delay_95th": 218.801, "delay_mean": 90.38514200034271, "tput": 7.007111704873438, "delay_99th": 297.575, "loss": 0.003926227289335671}, "all": {"delay_95th": 218.801, "delay_mean": 90.38514200034271, "tput": 7.007111704873438, "delay_99th": 297.575, "loss": 0.003926227289335671}}}}