{"eagle": {"1": {"1": {"delay": 375.27, "loss": 0.01587789693771169, "tput": 26.53382897650535}, "all": {"delay": 375.27, "loss": 0.01587789693771169, "tput": 26.53382897650535}}}, "bbr": {"1": {"1": {"delay": 430.736, "loss": 0.011437192401151153, "tput": 43.983403903972324}, "all": {"delay": 430.736, "loss": 0.011437192401151153, "tput": 43.983403903972324}}}}