{"synthesizedBBR": {"1": {"1": {"delay": 71.892, "loss": 0.00463783172091381, "tput": 80.29851198933116}, "all": {"delay": 71.892, "loss": 0.00463783172091381, "tput": 80.29851198933116}}}, "bbr": {"1": {"1": {"delay": 159.607, "loss": 0.004082946037670232, "tput": 95.08964287459997}, "all": {"delay": 159.607, "loss": 0.004082946037670232, "tput": 95.08964287459997}}}, "vivace": {"1": {"1": {"delay": 53.385, "loss": 0.001771797961247934, "tput": 84.18928260741275}, "all": {"delay": 53.385, "loss": 0.001771797961247934, "tput": 84.18928260741275}}}}