{"eagle": {"1": {"1": {"delay": 608.236, "loss": 0.06489386614480186, "tput": 78.81804750275724}, "all": {"delay": 608.236, "loss": 0.06489386614480186, "tput": 78.81804750275724}}}, "synthesizedBBR": {"1": {"1": {"delay": 179.16, "loss": 0.006344149458017312, "tput": 96.08030722488039}, "all": {"delay": 179.16, "loss": 0.006344149458017312, "tput": 96.08030722488039}}}, "bbr": {"1": {"1": {"delay": 129.163, "loss": 0.006054561330740227, "tput": 114.85531323345845}, "all": {"delay": 129.163, "loss": 0.006054561330740227, "tput": 114.85531323345845}}}}