{"eagle": {"1": {"1": {"delay": 231.325, "loss": 0.00854383693619265, "tput": 87.9821812049052}, "all": {"delay": 229.482, "loss": 0.008092229976414678, "tput": 96.27143581689009}, "3": {"delay": 208.767, "loss": 0.01005964700028028, "tput": 0.6462346836742021}, "2": {"delay": 196.568, "loss": 0.0031044960346405803, "tput": 12.435444879660993}}}}