{"eagle": {"1": {"1": {"delay": 177.616, "loss": 0.001867142739497063, "tput": 55.9559985462045}, "all": {"delay": 197.689, "loss": 0.002283767768905487, "tput": 104.39663625529326}, "3": {"delay": 224.24, "loss": 0.006223489662783632, "tput": 0.6377423275313587}, "2": {"delay": 228.621, "loss": 0.002750615342562268, "tput": 73.54207165872916}}}}