{"eagle": {"1": {"1": {"delay": 169.852, "loss": 0.0011832334067125583, "tput": 77.46756902089793}, "all": {"delay": 173.009, "loss": 0.0034081952505871094, "tput": 97.2251645139147}, "3": {"delay": 183.35, "loss": 0.012519022245605638, "tput": 49.32368317710367}, "2": {"delay": 172.2, "loss": 0.010227229468158239, "tput": 6.541372397262132}}}}