{"eagle": {"1": {"1": {"delay": 197.916, "loss": 0.008099254032288616, "tput": 99.00797056900025}, "all": {"delay": 197.975, "loss": 0.008092555795086054, "tput": 99.73694002259477}, "3": {"delay": 132.681, "loss": 0.01583020173833205, "tput": 0.9699291220576001}, "2": {"delay": 281.19, "loss": 0.0009505299838346026, "tput": 0.6566927065950661}}}}