{"eagle": {"1": {"1": {"delay": 195.821, "loss": 0.0025129500774379032, "tput": 83.97731923228275}, "all": {"delay": 195.926, "loss": 0.0023732457388820904, "tput": 99.5164352253927}, "3": {"delay": 164.272, "loss": 0.008644420410821252, "tput": 0.45453315387770055}, "2": {"delay": 196.526, "loss": 0.001553365557799391, "tput": 23.52887986726773}}}}