{"eagle": {"1": {"1": {"delay": 46.123, "loss": 0.0010096184182238899, "tput": 96.53157862867145}, "all": {"delay": 46.702, "loss": 0.0010724714429581894, "tput": 116.13076449374547}, "3": {"delay": 41.051, "loss": 0.003705940231007676, "tput": 4.218920033762226}, "2": {"delay": 52.051, "loss": 0.0012156027340717301, "tput": 27.700876800232113}}}}