{"fillp_sheep": {"1": {"1": {"delay": 14.358, "loss": 0.0, "tput": 11.349692238869606}, "all": {"delay": 14.358, "loss": 0.0, "tput": 11.349692238869606}}, "2": {"1": {"delay": 14.587, "loss": 0.0, "tput": 5.7156556038990685}, "all": {"delay": 14.587, "loss": 0.0, "tput": 5.7156556038990685}}, "3": {"1": {"delay": 10.687, "loss": 0.00032248086263353404, "tput": 11.720355053351721}, "all": {"delay": 10.687, "loss": 0.00032248086263353404, "tput": 11.720355053351721}}}, "copa": {"1": {"1": {"delay": 565.74, "loss": 0.015014217436340571, "tput": 11.96856241568295}, "all": {"delay": 565.74, "loss": 0.015014217436340571, "tput": 11.96856241568295}}, "2": {"1": {"delay": 571.54, "loss": 0.019087662505935743, "tput": 11.963494598302072}, "all": {"delay": 571.54, "loss": 0.019087662505935743, "tput": 11.963494598302072}}, "3": {"1": {"delay": 567.928, "loss": 0.023373469752907772, "tput": 11.966449048422309}, "all": {"delay": 567.928, "loss": 0.023373469752907772, "tput": 11.966449048422309}}}, "fillp": {"1": {"1": {"delay": 44.576, "loss": 0.0012070104340261567, "tput": 11.968160902837026}, "all": {"delay": 44.576, "loss": 0.0012070104340261567, "tput": 11.968160902837026}}, "2": {"1": {"delay": 37.063, "loss": 0.0013646989241884455, "tput": 11.970510983583333}, "all": {"delay": 37.063, "loss": 0.0013646989241884455, "tput": 11.970510983583333}}, "3": {"1": {"delay": 38.638, "loss": 0.0009856650158933666, "tput": 11.966813116844332}, "all": {"delay": 38.638, "loss": 0.0009856650158933666, "tput": 11.966813116844332}}}, "quic": {"1": {"1": {"delay": 228.922, "loss": 0.012119092914430585, "tput": 11.192928199504548}, "all": {"delay": 228.922, "loss": 0.012119092914430585, "tput": 11.192928199504548}}, "2": {"1": {"delay": 298.034, "loss": 0.01098718235392715, "tput": 11.332524150122971}, "all": {"delay": 298.034, "loss": 0.01098718235392715, "tput": 11.332524150122971}}, "3": {"1": {"delay": 378.669, "loss": 0.01360792740263872, "tput": 11.378529413948705}, "all": {"delay": 378.669, "loss": 0.01360792740263872, "tput": 11.378529413948705}}}, "gold": {"1": {"1": {"delay": 2406.345, "loss": 0.07582072389859762, "tput": 11.961679653481978}, "all": {"delay": 2406.345, "loss": 0.07582072389859762, "tput": 11.961679653481978}}, "2": {"1": {"delay": 3092.092, "loss": 0.09069654267243077, "tput": 11.993440675408415}, "all": {"delay": 3092.092, "loss": 0.09069654267243077, "tput": 11.993440675408415}}, "3": {"1": {"delay": 2094.543, "loss": 0.057392281287026226, "tput": 11.993579939355778}, "all": {"delay": 2094.543, "loss": 0.057392281287026226, "tput": 11.993579939355778}}}, "cubic": {"1": {"1": {"delay": 1558.186, "loss": 0.049141650707703266, "tput": 11.99472208242229}, "all": {"delay": 1558.186, "loss": 0.049141650707703266, "tput": 11.99472208242229}}, "2": {"1": {"delay": 1617.781, "loss": 0.04690883887953723, "tput": 11.99892264524867}, "all": {"delay": 1617.781, "loss": 0.04690883887953723, "tput": 11.99892264524867}}, "3": {"1": {"delay": 1569.652, "loss": 0.04764608841284401, "tput": 11.992846268335871}, "all": {"delay": 1569.652, "loss": 0.04764608841284401, "tput": 11.992846268335871}}}, "sprout": {"1": {"1": {"delay": 71.777, "loss": 0.002253200650911724, "tput": 11.975410260013867}, "all": {"delay": 71.777, "loss": 0.002253200650911724, "tput": 11.975410260013867}}, "2": {"1": {"delay": 72.406, "loss": 0.002147914373176185, "tput": 11.968264447562785}, "all": {"delay": 72.406, "loss": 0.002147914373176185, "tput": 11.968264447562785}}, "3": {"1": {"delay": 72.362, "loss": 0.0024755213773606233, "tput": 11.9759213347728}, "all": {"delay": 72.362, "loss": 0.0024755213773606233, "tput": 11.9759213347728}}}, "vivace": {"1": {"1": {"delay": 12.078, "loss": 0.0, "tput": 8.778090841957564}, "all": {"delay": 12.078, "loss": 0.0, "tput": 8.778090841957564}}, "2": {"1": {"delay": 5.167, "loss": 9.987051606763497e-05, "tput": 7.696064181054616}, "all": {"delay": 5.167, "loss": 9.987051606763497e-05, "tput": 7.696064181054616}}, "3": {"1": {"delay": 67.463, "loss": 0.0, "tput": 8.938142050288397}, "all": {"delay": 67.463, "loss": 0.0, "tput": 8.938142050288397}}}, "scream": {"1": {"1": {"delay": 1.711, "loss": 0.0, "tput": 0.21735443744086236}, "all": {"delay": 1.711, "loss": 0.0, "tput": 0.21735443744086236}}, "2": {"1": {"delay": 1.771, "loss": 0.0, "tput": 0.2173625069548712}, "all": {"delay": 1.771, "loss": 0.0, "tput": 0.2173625069548712}}, "3": {"1": {"delay": 1.774, "loss": 0.0, "tput": 0.21737005477212917}, "all": {"delay": 1.774, "loss": 0.0, "tput": 0.21737005477212917}}}, "indigo": {"1": {"1": {"delay": 9.193, "loss": 0.00031127023937460585, "tput": 10.37084352909087}, "all": {"delay": 9.193, "loss": 0.00031127023937460585, "tput": 10.37084352909087}}, "2": {"1": {"delay": 4.465, "loss": 8.941288815256243e-05, "tput": 9.031946079223678}, "all": {"delay": 4.465, "loss": 8.941288815256243e-05, "tput": 9.031946079223678}}, "3": {"1": {"delay": 4.264, "loss": 0.00012808441502998313, "tput": 9.45065701098515}, "all": {"delay": 4.264, "loss": 0.00012808441502998313, "tput": 9.45065701098515}}}, "vegas": {"1": {"1": {"delay": 5.133, "loss": 0.0, "tput": 11.686201750547905}, "all": {"delay": 5.133, "loss": 0.0, "tput": 11.686201750547905}}, "2": {"1": {"delay": 5.654, "loss": 3.388323259767567e-05, "tput": 11.811557243743962}, "all": {"delay": 5.654, "loss": 3.388323259767567e-05, "tput": 11.811557243743962}}, "3": {"1": {"delay": 5.744, "loss": 6.85915215757893e-05, "tput": 11.662792730292452}, "all": {"delay": 5.744, "loss": 6.85915215757893e-05, "tput": 11.662792730292452}}}, "bbr": {"1": {"1": {"delay": 13.247, "loss": 0.00043373638045518526, "tput": 11.986334005483895}, "all": {"delay": 13.247, "loss": 0.00043373638045518526, "tput": 11.986334005483895}}, "2": {"1": {"delay": 13.411, "loss": 0.00036690977292863636, "tput": 11.992207704555426}, "all": {"delay": 13.411, "loss": 0.00036690977292863636, "tput": 11.992207704555426}}, "3": {"1": {"delay": 13.741, "loss": 0.0003004394160134316, "tput": 11.986194206476396}, "all": {"delay": 13.741, "loss": 0.0003004394160134316, "tput": 11.986194206476396}}}, "verus": {"1": {"1": {"delay": 434.587, "loss": 0.0001755309812181416, "tput": 9.01223642568726}, "all": {"delay": 434.587, "loss": 0.0001755309812181416, "tput": 9.01223642568726}}, "2": {"1": {"delay": 414.563, "loss": 0.0001266784899923712, "tput": 9.367969530831784}, "all": {"delay": 414.563, "loss": 0.0001266784899923712, "tput": 9.367969530831784}}, "3": {"1": {"delay": 423.991, "loss": 0.00025908973141031133, "tput": 9.160115272880331}, "all": {"delay": 423.991, "loss": 0.00025908973141031133, "tput": 9.160115272880331}}}, "pcc": {"1": {"1": {"delay": 2.445, "loss": 0.00010009697394841588, "tput": 4.0304433073456964}, "all": {"delay": 2.445, "loss": 0.00010009697394841588, "tput": 4.0304433073456964}}, "2": {"1": {"delay": 2.329, "loss": 0.0, "tput": 7.5992604152767695}, "all": {"delay": 2.329, "loss": 0.0, "tput": 7.5992604152767695}}, "3": {"1": {"delay": 2.347, "loss": 8.95458877304689e-05, "tput": 4.498381475696018}, "all": {"delay": 2.347, "loss": 8.95458877304689e-05, "tput": 4.498381475696018}}}, "pcc_experimental": {"1": {"1": {"delay": 3352.778, "loss": 0.11837378123222553, "tput": 11.455753905461599}, "all": {"delay": 3352.778, "loss": 0.11837378123222553, "tput": 11.455753905461599}}, "2": {"1": {"delay": 2.713, "loss": 0.00014417610530459424, "tput": 3.1345432895241285}, "all": {"delay": 2.713, "loss": 0.00014417610530459424, "tput": 3.1345432895241285}}, "3": {"1": {"delay": 6.924, "loss": 0.000125713455445986, "tput": 3.392094780524517}, "all": {"delay": 6.924, "loss": 0.000125713455445986, "tput": 3.392094780524517}}}, "goldLSTM": {}, "webrtc": {"1": {"1": {"delay": 6.923, "loss": 0.0, "tput": 2.1913816634425447}, "all": {"delay": 6.923, "loss": 0.0, "tput": 2.1913816634425447}}, "2": {"1": {"delay": 6.713, "loss": 0.0, "tput": 2.183685505910938}, "all": {"delay": 6.713, "loss": 0.0, "tput": 2.183685505910938}},