{"eagle": {"1": {"1": {"delay": 165.293, "loss": 0.001363826421270753, "tput": 97.76953171318038}, "all": {"delay": 164.982, "loss": 0.001361889878313871, "tput": 104.45583456974926}, "2": {"delay": 142.274, "loss": 0.0013335721909302212, "tput": 13.810471802019983}}}}