{"bbr": {"1": {"1": {"delay": 128.882, "loss": 0.0038905601753422836, "tput": 19.3830509488418}, "all": {"delay": 128.882, "loss": 0.0038905601753422836, "tput": 19.3830509488418}}}, "goldIRL": {"1": {"1": {"delay": 122.935, "loss": 0.0012745721121000253, "tput": 18.76365589444887}, "all": {"delay": 122.935, "loss": 0.0012745721121000253, "tput": 18.76365589444887}}}}