{"bbr": {"1": {"1": {"delay": 129.153, "loss": 0.003900274909535595, "tput": 19.337740524697146}, "all": {"delay": 129.153, "loss": 0.003900274909535595, "tput": 19.337740524697146}}}, "goldIRL": {"1": {"1": {"delay": 1983.314, "loss": 0.0006230715028341383, "tput": 13.010664120967359}, "all": {"delay": 1983.314, "loss": 0.0006230715028341383, "tput": 13.010664120967359}}}}