{"eagle": {"1": {"1": {"delay": 255.86, "loss": 0.017240399735074297, "tput": 7.329198923647404}, "all": {"delay": 255.86, "loss": 0.017240399735074297, "tput": 7.329198923647404}}}, "fillp_sheep": {"1": {"1": {"delay": 58.398, "loss": 0.0011096961979261133, "tput": 9.080559967896903}, "all": {"delay": 58.398, "loss": 0.0011096961979261133, "tput": 9.080559967896903}}}, "copa": {"1": {"1": {"delay": 78.529, "loss": 0.0015875919749740453, "tput": 8.92002895742732}, "all": {"delay": 78.529, "loss": 0.0015875919749740453, "tput": 8.92002895742732}}}, "fillp": {"1": {"1": {"delay": 75.372, "loss": 0.002007738509116619, "tput": 9.864486387450237}, "all": {"delay": 75.372, "loss": 0.002007738509116619, "tput": 9.864486387450237}}}, "quic": {}, "gold": {"1": {"1": {"delay": 768.322, "loss": 0.0266949194928231, "tput": 6.555630228703445}, "all": {"delay": 768.322, "loss": 0.0266949194928231, "tput": 6.555630228703445}}}, "cubic": {"1": {"1": {"delay": 1871.925, "loss": 0.05359691796263677, "tput": 9.916010291170235}, "all": {"delay": 1871.925, "loss": 0.05359691796263677, "tput": 9.916010291170235}}}, "sprout": {"1": {"1": {"delay": 66.869, "loss": 0.0014560749245897675, "tput": 3.3122045729541334}, "all": {"delay": 66.869, "loss": 0.0014560749245897675, "tput": 3.3122045729541334}}}, "aurora": {"1": {"1": {"delay": 1652.227, "loss": 0.05723311581138224, "tput": 9.756402083071382}, "all": {"delay": 1652.227, "loss": 0.05723311581138224, "tput": 9.756402083071382}}}, "vivace": {"1": {"1": {"delay": 58.771, "loss": 0.001404189190102323, "tput": 9.02934102676309}, "all": {"delay": 58.771, "loss": 0.001404189190102323, "tput": 9.02934102676309}}}, "scream": {"1": {"1": {"delay": 42.55, "loss": 0.0012547545355685585, "tput": 0.21737486453194468}, "all": {"delay": 42.55, "loss": 0.0012547545355685585, "tput": 0.21737486453194468}}}, "indigo": {"1": {"1": {"delay": 46.343, "loss": 0.0, "tput": 0.43034573396674847}, "all": {"delay": 46.343, "loss": 0.0, "tput": 0.43034573396674847}}}, "vegas": {"1": {"1": {"delay": 132.786, "loss": 0.001613285557136357, "tput": 9.916359324634138}, "all": {"delay": 132.786, "loss": 0.001613285557136357, "tput": 9.916359324634138}}}, "bbr": {"1": {"1": {"delay": 136.576, "loss": 0.003944915393070847, "tput": 9.710586214067353}, "all": {"delay": 136.576, "loss": 0.003944915393070847, "tput": 9.710586214067353}}}, "verus": {"1": {"1": {"delay": 471.555, "loss": 0.01458349845446616, "tput": 9.86217350179135}, "all": {"delay": 471.555, "loss": 0.01458349845446616, "tput": 9.86217350179135}}}, "pcc": {"1": {"1": {"delay": 421.967, "loss": 0.0014697808729633444, "tput": 8.69379647655601}, "all": {"delay": 421.967, "loss": 0.0014697808729633444, "tput": 8.69379647655601}}}, "pcc_experimental": {"1": {"1": {"delay": 1663.78, "loss": 0.055023509227641765, "tput": 9.757067093102258}, "all": {"delay": 1663.78, "loss": 0.055023509227641765, "tput": 9.757067093102258}}}, "goldLSTM": {}, "webrtc": {"1": {"1": {"delay": 46.473, "loss": 0.0015674692931461065, "tput": 2.211546248541864}, "all": {"delay": 46.473, "loss": 0.0015674692931461065, "tput": 2.211546248541864}}}, "taova": {"1": {"1": {"delay": 65.128, "loss": 0.0016796577103036503, "tput": 9.429280806313844}, "all": {"delay": 65.128, "loss": 0.0016796577103036503, "tput": 9.429280806313844}}}, "ledbat": {"1": {"1": {"delay": 138.758, "loss": 0.004818769517727528, "tput": 9.460317981733567}, "all": {"delay": 138.758, "loss": 0.004818769517727528, "tput": 9.460317981733567}}}}