{"eagle": {"1": {"1": {"delay": 1456.6, "loss": 0.0009933578517287156, "tput": 7.747946079022201}, "all": {"delay": 1456.6, "loss": 0.0009933578517287156, "tput": 7.747946079022201}}}, "fillp_sheep": {"1": {"1": {"delay": 61.518, "loss": 0.001408093476416572, "tput": 9.308177691090645}, "all": {"delay": 61.518, "loss": 0.001408093476416572, "tput": 9.308177691090645}}}, "copa": {"1": {"1": {"delay": 54.257, "loss": 0.0016785874312991167, "tput": 9.416214513760258}, "all": {"delay": 54.257, "loss": 0.0016785874312991167, "tput": 9.416214513760258}}}, "fillp": {"1": {"1": {"delay": 75.492, "loss": 0.0022348454912092253, "tput": 9.89123697963592}, "all": {"delay": 75.492, "loss": 0.0022348454912092253, "tput": 9.89123697963592}}}, "quic": {}, "gold": {"1": {"1": {"delay": 2690.416, "loss": 0.1267477567483436, "tput": 9.454702129104215}, "all": {"delay": 2690.416, "loss": 0.1267477567483436, "tput": 9.454702129104215}}}, "cubic": {"1": {"1": {"delay": 1887.177, "loss": 0.056597037023787045, "tput": 9.916016659744136}, "all": {"delay": 1887.177, "loss": 0.056597037023787045, "tput": 9.916016659744136}}}, "sprout": {"1": {"1": {"delay": 67.057, "loss": 8.172223397218126e-06, "tput": 3.2911336672259934}, "all": {"delay": 67.057, "loss": 8.172223397218126e-06, "tput": 3.2911336672259934}}}, "aurora": {"1": {"1": {"delay": 1696.479, "loss": 0.05710696911779334, "tput": 9.671340802995491}, "all": {"delay": 1696.479, "loss": 0.05710696911779334, "tput": 9.671340802995491}}}, "vivace": {"1": {"1": {"delay": 56.98, "loss": 0.0013649001282808326, "tput": 9.066594669655595}, "all": {"delay": 56.98, "loss": 0.0013649001282808326, "tput": 9.066594669655595}}}, "scream": {"1": {"1": {"delay": 41.496, "loss": 0.0012547545355685585, "tput": 0.2173732276709981}, "all": {"delay": 41.496, "loss": 0.0012547545355685585, "tput": 0.2173732276709981}}}, "indigo": {"1": {"1": {"delay": 52.921, "loss": 0.0015516304133392778, "tput": 9.103781853912308}, "all": {"delay": 52.921, "loss": 0.0015516304133392778, "tput": 9.103781853912308}}}, "vegas": {"1": {"1": {"delay": 132.327, "loss": 0.0015732072214568182, "tput": 9.914523724546033}, "all": {"delay": 132.327, "loss": 0.0015732072214568182, "tput": 9.914523724546033}}}, "bbr": {"1": {"1": {"delay": 137.249, "loss": 0.004271201119799395, "tput": 9.711648287764023}, "all": {"delay": 137.249, "loss": 0.004271201119799395, "tput": 9.711648287764023}}}, "verus": {"1": {"1": {"delay": 473.032, "loss": 0.012200453046139148, "tput": 9.85711527824416}, "all": {"delay": 473.032, "loss": 0.012200453046139148, "tput": 9.85711527824416}}}, "pcc": {"1": {"1": {"delay": 389.342, "loss": 0.0014243959754801638, "tput": 9.109175950852562}, "all": {"delay": 389.342, "loss": 0.0014243959754801638, "tput": 9.109175950852562}}}, "pcc_experimental": {"1": {"1": {"delay": 296.711, "loss": 0.007953448855197554, "tput": 8.992395143866387}, "all": {"delay": 296.711, "loss": 0.007953448855197554, "tput": 8.992395143866387}}}, "goldLSTM": {}, "webrtc": {"1": {"1": {"delay": 52.254, "loss": 0.0, "tput": 0.04890322328739898}, "all": {"delay": 52.254, "loss": 0.0, "tput": 0.04890322328739898}}}, "taova": {"1": {"1": {"delay": 64.765, "loss": 0.0017210080863804267, "tput": 9.454784133590726}, "all": {"delay": 64.765, "loss": 0.0017210080863804267, "tput": 9.454784133590726}}}, "ledbat": {"1": {"1": {"delay": 138.87, "loss": 0.004777977025611002, "tput": 9.458686146278266}, "all": {"delay": 138.87, "loss": 0.004777977025611002, "tput": 9.458686146278266}}}}