{"eagle": {"1": {"1": {"delay": 266.894, "loss": 0.0009505657812794999, "tput": 6.040908614418573}, "all": {"delay": 266.894, "loss": 0.0009505657812794999, "tput": 6.040908614418573}}}, "synthesizedBBR": {"1": {"1": {"delay": 975.483, "loss": 0.16829848225505706, "tput": 9.07567318391723}, "all": {"delay": 975.483, "loss": 0.16829848225505706, "tput": 9.07567318391723}}}, "bbr": {"1": {"1": {"delay": 258.92, "loss": 0.00800993053387744, "tput": 9.555352768761951}, "all": {"delay": 258.92, "loss": 0.00800993053387744, "tput": 9.555352768761951}}}}