{"fillp_sheep": {"1": {"1": {"delay": 58.185, "loss": 0.001300945683608945, "tput": 4.835543961627527}, "all": {"delay": 58.185, "loss": 0.001300945683608945, "tput": 4.835543961627527}}, "2": {"1": {"delay": 64.847, "loss": 0.0015778322037180992, "tput": 4.73089268781166}, "all": {"delay": 64.847, "loss": 0.0015778322037180992, "tput": 4.73089268781166}}}, "copa": {"1": {"1": {"delay": 65.465, "loss": 0.0011761476717258024, "tput": 4.786208345277582}, "all": {"delay": 65.465, "loss": 0.0011761476717258024, "tput": 4.786208345277582}}, "2": {"1": {"delay": 75.768, "loss": 0.0011734560912718406, "tput": 4.53146483715451}, "all": {"delay": 75.768, "loss": 0.0011734560912718406, "tput": 4.53146483715451}}}, "fillp": {"1": {"1": {"delay": 103.277, "loss": 0.0024673329088910068, "tput": 4.971226298425822}, "all": {"delay": 103.277, "loss": 0.0024673329088910068, "tput": 4.971226298425822}}, "2": {"1": {"delay": 120.973, "loss": 0.003095142124695638, "tput": 4.9671286427381895}, "all": {"delay": 120.973, "loss": 0.003095142124695638, "tput": 4.9671286427381895}}}, "quic": {}, "gold": {"1": {"1": {"delay": 2194.544, "loss": 0.05373253584626403, "tput": 4.681978589883313}, "all": {"delay": 2194.544, "loss": 0.05373253584626403, "tput": 4.681978589883313}}, "2": {"1": {"delay": 3995.018, "loss": 0.11302200096960979, "tput": 4.302105660617201}, "all": {"delay": 3995.018, "loss": 0.11302200096960979, "tput": 4.302105660617201}}}, "cubic": {"1": {"1": {"delay": 3979.784, "loss": 0.08200574797878302, "tput": 4.976706764112173}, "all": {"delay": 3979.784, "loss": 0.08200574797878302, "tput": 4.976706764112173}}, "2": {"1": {"delay": 3884.623, "loss": 0.0789102706496323, "tput": 4.976950484113074}, "all": {"delay": 3884.623, "loss": 0.0789102706496323, "tput": 4.976950484113074}}}, "sprout": {"1": {"1": {"delay": 63.16, "loss": 0.00024772088786439994, "tput": 1.1313353836696247}, "all": {"delay": 63.16, "loss": 0.00024772088786439994, "tput": 1.1313353836696247}}, "2": {"1": {"delay": 60.511, "loss": 0.002492312311761169, "tput": 1.0278896404518227}, "all": {"delay": 60.511, "loss": 0.002492312311761169, "tput": 1.0278896404518227}}}, "vivace": {"1": {"1": {"delay": 66.149, "loss": 0.0011122922727435647, "tput": 4.446336137658505}, "all": {"delay": 66.149, "loss": 0.0011122922727435647, "tput": 4.446336137658505}}, "2": {"1": {"delay": 49.482, "loss": 0.0012565143582013993, "tput": 4.4053661658885295}, "all": {"delay": 49.482, "loss": 0.0012565143582013993, "tput": 4.4053661658885295}}}, "scream": {"1": {"1": {"delay": 42.488, "loss": 0.0009561247053182509, "tput": 0.2165236032884057}, "all": {"delay": 42.488, "loss": 0.0009561247053182509, "tput": 0.2165236032884057}}, "2": {"1": {"delay": 43.5, "loss": 0.0009663381425223383, "tput": 0.21650882902544227}, "all": {"delay": 43.5, "loss": 0.0009663381425223383, "tput": 0.21650882902544227}}}, "indigo": {"1": {"1": {"delay": 68.653, "loss": 0.001129937885054555, "tput": 4.053841328008574}, "all": {"delay": 68.653, "loss": 0.001129937885054555, "tput": 4.053841328008574}}, "2": {"1": {"delay": 49.242, "loss": 0.0017872142691187642, "tput": 0.34261341360682385}, "all": {"delay": 49.242, "loss": 0.0017872142691187642, "tput": 0.34261341360682385}}}, "vegas": {"1": {"1": {"delay": 267.284, "loss": 0.0012055365955904174, "tput": 4.976434987853073}, "all": {"delay": 267.284, "loss": 0.0012055365955904174, "tput": 4.976434987853073}}, "2": {"1": {"delay": 269.687, "loss": 0.0014466439147085008, "tput": 4.9769613201297656}, "all": {"delay": 269.687, "loss": 0.0014466439147085008, "tput": 4.9769613201297656}}}, "bbr": {"1": {"1": {"delay": 150.332, "loss": 0.0033242792552169442, "tput": 4.864316127476866}, "all": {"delay": 150.332, "loss": 0.0033242792552169442, "tput": 4.864316127476866}}, "2": {"1": {"delay": 149.689, "loss": 0.0036291784966949736, "tput": 4.864621148373351}, "all": {"delay": 149.689, "loss": 0.0036291784966949736, "tput": 4.864621148373351}}}, "verus": {"1": {"1": {"delay": 481.242, "loss": 0.011730552757864832, "tput": 4.955878750965491}, "all": {"delay": 481.242, "loss": 0.011730552757864832, "tput": 4.955878750965491}}, "2": {"1": {"delay": 484.104, "loss": 0.010913404507710611, "tput": 4.955111660067878}, "all": {"delay": 484.104, "loss": 0.010913404507710611, "tput": 4.955111660067878}}}, "pcc": {"1": {"1": {"delay": 542.964, "loss": 0.0010644711919173266, "tput": 4.597243456974002}, "all": {"delay": 542.964, "loss": 0.0010644711919173266, "tput": 4.597243456974002}}, "2": {"1": {"delay": 44.641, "loss": 0.0011945436777304197, "tput": 2.073986384124623}, "all": {"delay": 44.641, "loss": 0.0011945436777304197, "tput": 2.073986384124623}}}, "pcc_experimental": {"1": {"1": {"delay": 2385.873, "loss": 0.08431191117092862, "tput": 0.3865866327389312}, "all": {"delay": 2385.873, "loss": 0.08431191117092862, "tput": 0.3865866327389312}}, "2": {"1": {"delay": 2912.856, "loss": 0.17810453962108197, "tput": 0.38044264728975546}, "all": {"delay": 2912.856, "loss": 0.17810453962108197, "tput": 0.38044264728975546}}}, "goldLSTM": {"1": {"1": {"delay": 360.22, "loss": 0.014120576191412382, "tput": 4.286599873520722}, "all": {"delay": 360.22, "loss": 0.014120576191412382, "tput": 4.286599873520722}}, "2": {"1": {"delay": 291.931, "loss": 0.007706176614722282, "tput": 3.6170229478220537}, "all": {"delay": 291.931, "loss": 0.007706176614722282, "tput": 3.6170229478220537}}}, "webrtc": {}, "taova": {"1": {"1": {"delay": 102.171, "loss": 0.00257648403774291, "tput": 4.964879921458433}, "all": {"delay": 102.171, "loss": 0.00257648403774291, "tput": 4.964879921458433}}, "2": {"1": {"delay": 102.359, "loss": 0.001698868269567555, "tput": 4.963588798954838}, "all": {"delay": 102.359, "loss": 0.001698868269567555, "tput": 4.963588798954838}}}, "ledbat": {"1": {"1": {"delay": 143.507, "loss": 0.0035314417700798018, "tput": 4.884498644487469}, "all": {"delay": 143.507, "loss": 0.0035314417700798018, "tput": 4.884498644487469}}, "2": {"1": {"delay": 143.088, "loss": 0.0040114842646838955, "tput": 4.37193698551988}, "all": {"delay": 143.088, "loss": 0.0040114842646838955, "tput": 4.37193698551988}}}}