{"bbr": {"1": {"1": {"delay": 388.12, "loss": 0.009306342313257776, "tput": 6.785768391194346}, "all": {"delay": 388.12, "loss": 0.009306342313257776, "tput": 6.785768391194346}}}, "goldIRL": {"1": {"1": {"delay": 580.82, "loss": 0.060754835907982474, "tput": 5.822478015788884}, "all": {"delay": 580.82, "loss": 0.060754835907982474, "tput": 5.822478015788884}}}}