{"eagle": {"1": {"1": {"delay": 214.432, "loss": 0.01828827975173153, "tput": 51.589313463218424}, "all": {"delay": 214.432, "loss": 0.01828827975173153, "tput": 51.589313463218424}}, "2": {"1": {"delay": 258.104, "loss": 0.017245624401853177, "tput": 53.92715868586955}, "all": {"delay": 258.104, "loss": 0.017245624401853177, "tput": 53.92715868586955}}}, "fillp_sheep": {"1": {"1": {"delay": 224.851, "loss": 0.023493358964060462, "tput": 97.79011836970095}, "all": {"delay": 224.851, "loss": 0.023493358964060462, "tput": 97.79011836970095}}, "2": {"1": {"delay": 165.259, "loss": 0.017287901019999552, "tput": 100.49846700027477}, "all": {"delay": 165.259, "loss": 0.017287901019999552, "tput": 100.49846700027477}}}, "copa": {"1": {"1": {"delay": 49.979, "loss": 0.016652212705721592, "tput": 82.5424786563524}, "all": {"delay": 49.979, "loss": 0.016652212705721592, "tput": 82.5424786563524}}, "2": {"1": {"delay": 44.205, "loss": 0.016290581836022833, "tput": 74.36571452599482}, "all": {"delay": 44.205, "loss": 0.016290581836022833, "tput": 74.36571452599482}}}, "fillp": {"1": {"1": {"delay": 225.978, "loss": 0.021950241230592193, "tput": 96.95517668019747}, "all": {"delay": 225.978, "loss": 0.021950241230592193, "tput": 96.95517668019747}}, "2": {"1": {"delay": 257.496, "loss": 0.023978973861579433, "tput": 99.26215988097117}, "all": {"delay": 257.496, "loss": 0.023978973861579433, "tput": 99.26215988097117}}}, "aurora": {"1": {"1": {"delay": 141.919, "loss": 0.0175368931033959, "tput": 77.49976111250893}, "all": {"delay": 141.919, "loss": 0.0175368931033959, "tput": 77.49976111250893}}, "2": {"1": {"delay": 145.629, "loss": 0.018254812289372202, "tput": 77.14098131538981}, "all": {"delay": 145.629, "loss": 0.018254812289372202, "tput": 77.14098131538981}}}, "vivace": {"1": {"1": {"delay": 215.782, "loss": 0.12187543667853062, "tput": 45.710827254931836}, "all": {"delay": 215.782, "loss": 0.12187543667853062, "tput": 45.710827254931836}}, "2": {"1": {"delay": 178.717, "loss": 0.07973459621416856, "tput": 51.09827320202528}, "all": {"delay": 178.717, "loss": 0.07973459621416856, "tput": 51.09827320202528}}}, "pcc": {"1": {"1": {"delay": 1158.276, "loss": 0.40382862881735193, "tput": 80.98963301873374}, "all": {"delay": 1158.276, "loss": 0.40382862881735193, "tput": 80.98963301873374}}, "2": {"1": {"delay": 996.629, "loss": 0.3656920989653334, "tput": 81.15827817072355}, "all": {"delay": 996.629, "loss": 0.3656920989653334, "tput": 81.15827817072355}}}, "bbr": {"1": {"1": {"delay": 181.04, "loss": 0.020266773609054156, "tput": 96.9151984485388}, "all": {"delay": 181.04, "loss": 0.020266773609054156, "tput": 96.9151984485388}}, "2": {"1": {"delay": 180.762, "loss": 0.023953410492907556, "tput": 96.42084370479631}, "all": {"delay": 180.762, "loss": 0.023953410492907556, "tput": 96.42084370479631}}}}