{"eagle": {"1": {"1": {"delay": 234.505, "loss": 0.003974294631890585, "tput": 93.90876835557918}, "all": {"delay": 234.505, "loss": 0.003974294631890585, "tput": 93.90876835557918}}, "2": {"1": {"delay": 72.062, "loss": 0.0006690336280891218, "tput": 68.50487450109803}, "all": {"delay": 72.062, "loss": 0.0006690336280891218, "tput": 68.50487450109803}}}, "fillp_sheep": {"1": {"1": {"delay": 55.29, "loss": 0.001484915853557589, "tput": 108.66066458080765}, "all": {"delay": 55.29, "loss": 0.001484915853557589, "tput": 108.66066458080765}}, "2": {"1": {"delay": 55.416, "loss": 0.0009978311369879256, "tput": 106.88422834572245}, "all": {"delay": 55.416, "loss": 0.0009978311369879256, "tput": 106.88422834572245}}}, "copa": {"1": {"1": {"delay": 43.154, "loss": 0.000803793110636275, "tput": 84.34423213652506}, "all": {"delay": 43.154, "loss": 0.000803793110636275, "tput": 84.34423213652506}}, "2": {"1": {"delay": 43.415, "loss": 0.0015460809440392964, "tput": 81.33395321548014}, "all": {"delay": 43.415, "loss": 0.0015460809440392964, "tput": 81.33395321548014}}}, "fillp": {"1": {"1": {"delay": 66.536, "loss": 0.0010933943050721595, "tput": 118.43991018968228}, "all": {"delay": 66.536, "loss": 0.0010933943050721595, "tput": 118.43991018968228}}, "2": {"1": {"delay": 65.402, "loss": 0.004618370912472192, "tput": 109.60332184834958}, "all": {"delay": 65.402, "loss": 0.004618370912472192, "tput": 109.60332184834958}}}, "aurora": {"1": {"1": {"delay": 379.637, "loss": 0.0008622143811772842, "tput": 106.8074729232106}, "all": {"delay": 379.637, "loss": 0.0008622143811772842, "tput": 106.8074729232106}}, "2": {"1": {"delay": 114.011, "loss": 0.0007721457013991628, "tput": 106.35597351515169}, "all": {"delay": 114.011, "loss": 0.0007721457013991628, "tput": 106.35597351515169}}}, "vivace": {"1": {"1": {"delay": 43.44, "loss": 0.0007257844465521357, "tput": 110.34100378151783}, "all": {"delay": 43.44, "loss": 0.0007257844465521357, "tput": 110.34100378151783}}, "2": {"1": {"delay": 45.36, "loss": 0.009494901027173208, "tput": 107.03557479881452}, "all": {"delay": 45.36, "loss": 0.009494901027173208, "tput": 107.03557479881452}}}, "pcc": {"1": {"1": {"delay": 50.25, "loss": 0.0008512634260881002, "tput": 103.61015080541532}, "all": {"delay": 50.25, "loss": 0.0008512634260881002, "tput": 103.61015080541532}}, "2": {"1": {"delay": 51.504, "loss": 0.003471387600460618, "tput": 98.84038170285578}, "all": {"delay": 51.504, "loss": 0.003471387600460618, "tput": 98.84038170285578}}}, "bbr": {"1": {"1": {"delay": 128.944, "loss": 0.0020912546120158693, "tput": 115.69720706619671}, "all": {"delay": 128.944, "loss": 0.0020912546120158693, "tput": 115.69720706619671}}, "2": {"1": {"delay": 127.629, "loss": 0.0021495487924132473, "tput": 115.7946923283753}, "all": {"delay": 127.629, "loss": 0.0021495487924132473, "tput": 115.7946923283753}}}}