{"eagle": {"1": {"1": {"delay": 55.728, "loss": 5.2295744240926645e-05, "tput": 23.28646076761676}, "all": {"delay": 48.824, "loss": 0.0006298114887486328, "tput": 117.83568993783175}, "3": {"delay": 52.249, "loss": 0.000604224779429563, "tput": 53.024667626248046}, "2": {"delay": 44.253, "loss": 0.0009858367020914027, "tput": 41.54498345220261}}}}