{"eagle": {"1": {"1": {"delay": 184.94, "loss": 0.0006650124113483091, "tput": 6.670558689727718}, "all": {"delay": 184.94, "loss": 0.0006650124113483091, "tput": 6.670558689727718}}}, "synthesizedBBR": {"1": {"1": {"delay": 566.669, "loss": 0.001443398408272012, "tput": 7.2742036761187086}, "all": {"delay": 566.669, "loss": 0.001443398408272012, "tput": 7.2742036761187086}}}}