{"eagle": {"1": {"1": {"delay": 385.566, "loss": 0.0030072043286433203, "tput": 40.796645515565366}, "all": {"delay": 385.566, "loss": 0.0030072043286433203, "tput": 40.796645515565366}}, "2": {"1": {"delay": 207.217, "loss": 0.004357652063822437, "tput": 34.782840168684956}, "all": {"delay": 207.217, "loss": 0.004357652063822437, "tput": 34.782840168684956}}}}