{"eagle": {"1": {"1": {"delay": 127.862, "loss": 0.0026349439044180967, "tput": 5.67237689519934}, "all": {"delay": 127.862, "loss": 0.0026349439044180967, "tput": 5.67237689519934}}}, "fillp_sheep": {"1": {"1": {"delay": 220.142, "loss": 0.00020115135762543979, "tput": 3.6632411598051027}, "all": {"delay": 220.142, "loss": 0.00020115135762543979, "tput": 3.6632411598051027}}}, "copa": {"1": {"1": {"delay": 344.106, "loss": 0.0074315117493437555, "tput": 6.336165356534856}, "all": {"delay": 344.106, "loss": 0.0074315117493437555, "tput": 6.336165356534856}}}, "fillp": {"1": {"1": {"delay": 148.018, "loss": 0.0016684186556628067, "tput": 7.274655937379414}, "all": {"delay": 148.018, "loss": 0.0016684186556628067, "tput": 7.274655937379414}}}, "quic": {}, "gold": {"1": {"1": {"delay": 1463.193, "loss": 0.049032860103108256, "tput": 7.513848107442841}, "all": {"delay": 1463.193, "loss": 0.049032860103108256, "tput": 7.513848107442841}}}, "cubic": {"1": {"1": {"delay": 2404.484, "loss": 0.08836453886555296, "tput": 7.476072869693964}, "all": {"delay": 2404.484, "loss": 0.08836453886555296, "tput": 7.476072869693964}}}, "sprout": {"1": {"1": {"delay": 94.993, "loss": 0.00041430225726812875, "tput": 7.423403625182562}, "all": {"delay": 94.993, "loss": 0.00041430225726812875, "tput": 7.423403625182562}}}, "aurora": {"1": {"1": {"delay": 4888.622, "loss": 0.11538370725642988, "tput": 7.380762102558772}, "all": {"delay": 4888.622, "loss": 0.11538370725642988, "tput": 7.380762102558772}}}, "vivace": {"1": {"1": {"delay": 27.387, "loss": 1.0946918911458603e-05, "tput": 2.054142127250108}, "all": {"delay": 27.387, "loss": 1.0946918911458603e-05, "tput": 2.054142127250108}}}, "scream": {"1": {"1": {"delay": 10.379, "loss": 0.0, "tput": 0.21792013368811763}, "all": {"delay": 10.379, "loss": 0.0, "tput": 0.21792013368811763}}}, "indigo": {"1": {"1": {"delay": 13.722, "loss": 0.00016121444778083305, "tput": 2.510784634620745}, "all": {"delay": 13.722, "loss": 0.00016121444778083305, "tput": 2.510784634620745}}}, "vegas": {"1": {"1": {"delay": 13.777, "loss": 0.00026246296647547407, "tput": 3.0531893518696642}, "all": {"delay": 13.777, "loss": 0.00026246296647547407, "tput": 3.0531893518696642}}}, "bbr": {"1": {"1": {"delay": 35.328, "loss": 0.0006939174740910881, "tput": 6.919672512802783}, "all": {"delay": 35.328, "loss": 0.0006939174740910881, "tput": 6.919672512802783}}}, "verus": {"1": {"1": {"delay": 752.403, "loss": 0.00010823682216687391, "tput": 3.6559160932136825}, "all": {"delay": 752.403, "loss": 0.00010823682216687391, "tput": 3.6559160932136825}}}, "pcc": {"1": {"1": {"delay": 1474.546, "loss": 0.004812425518798902, "tput": 4.59230132554544}, "all": {"delay": 1474.546, "loss": 0.004812425518798902, "tput": 4.59230132554544}}}, "pcc_experimental": {"1": {"1": {"delay": 1563.331, "loss": 0.05616856840679452, "tput": 4.866497790369141}, "all": {"delay": 1563.331, "loss": 0.05616856840679452, "tput": 4.866497790369141}}}, "goldLSTM": {}, "webrtc": {"1": {"1": {"delay": 53.646, "loss": 0.0, "tput": 0.049913162888848325}, "all": {"delay": 53.646, "loss": 0.0, "tput": 0.049913162888848325}}}, "taova": {"1": {"1": {"delay": 137.498, "loss": 6.36245641716382e-06, "tput": 2.683333446150985}, "all": {"delay": 137.498, "loss": 6.36245641716382e-06, "tput": 2.683333446150985}}}, "ledbat": {"1": {"1": {"delay": 185.033, "loss": 0.0036523030293971193, "tput": 7.472152474539676}, "all": {"delay": 185.033, "loss": 0.0036523030293971193, "tput": 7.472152474539676}}}}