{"eagle": {"1": {"1": {"delay": 492.894, "loss": 0.04213358653582955, "tput": 8.386683097702159}, "all": {"delay": 492.894, "loss": 0.04213358653582955, "tput": 8.386683097702159}}, "2": {"1": {"delay": 2644.801, "loss": 0.004884393108548268, "tput": 7.445790753352227}, "all": {"delay": 2644.801, "loss": 0.004884393108548268, "tput": 7.445790753352227}}, "3": {"1": {"delay": 533.829, "loss": 0.00180879410990753, "tput": 9.193771073385456}, "all": {"delay": 533.829, "loss": 0.00180879410990753, "tput": 9.193771073385456}}}, "fillp_sheep": {"1": {"1": {"delay": 82.232, "loss": 0.0025971573149368155, "tput": 9.348493787146184}, "all": {"delay": 82.232, "loss": 0.0025971573149368155, "tput": 9.348493787146184}}, "2": {"1": {"delay": 82.49, "loss": 0.0028171498182285593, "tput": 9.393945695630258}, "all": {"delay": 82.49, "loss": 0.0028171498182285593, "tput": 9.393945695630258}}, "3": {"1": {"delay": 86.717, "loss": 0.0024025826034675957, "tput": 9.297921831632639}, "all": {"delay": 86.717, "loss": 0.0024025826034675957, "tput": 9.297921831632639}}}, "copa": {"1": {"1": {"delay": 115.827, "loss": 0.0024443019619928563, "tput": 9.018664362572036}, "all": {"delay": 115.827, "loss": 0.0024443019619928563, "tput": 9.018664362572036}}, "2": {"1": {"delay": 121.731, "loss": 0.0025912641105002576, "tput": 8.6735297044103}, "all": {"delay": 121.731, "loss": 0.0025912641105002576, "tput": 8.6735297044103}}, "3": {"1": {"delay": 97.037, "loss": 0.0023891004314482434, "tput": 9.226664868965887}, "all": {"delay": 97.037, "loss": 0.0023891004314482434, "tput": 9.226664868965887}}}, "fillp": {"1": {"1": {"delay": 97.64, "loss": 0.002918185222616998, "tput": 9.785161538843955}, "all": {"delay": 97.64, "loss": 0.002918185222616998, "tput": 9.785161538843955}}, "2": {"1": {"delay": 109.637, "loss": 0.003009299984186975, "tput": 9.736818865644748}, "all": {"delay": 109.637, "loss": 0.003009299984186975, "tput": 9.736818865644748}}, "3": {"1": {"delay": 95.321, "loss": 0.002763781566104795, "tput": 9.750467350768666}, "all": {"delay": 95.321, "loss": 0.002763781566104795, "tput": 9.750467350768666}}}, "quic": {}, "gold": {"1": {"1": {"delay": 2746.845, "loss": 0.09188144559224543, "tput": 9.660060434488917}, "all": {"delay": 2746.845, "loss": 0.09188144559224543, "tput": 9.660060434488917}}, "2": {"1": {"delay": 2807.716, "loss": 0.09607915740057105, "tput": 8.943373185623926}, "all": {"delay": 2807.716, "loss": 0.09607915740057105, "tput": 8.943373185623926}}, "3": {"1": {"delay": 4478.774, "loss": 0.1915536685082022, "tput": 9.642251373541137}, "all": {"delay": 4478.774, "loss": 0.1915536685082022, "tput": 9.642251373541137}}}, "cubic": {"1": {"1": {"delay": 1887.706, "loss": 0.059261227120018245, "tput": 9.852933923838656}, "all": {"delay": 1887.706, "loss": 0.059261227120018245, "tput": 9.852933923838656}}, "2": {"1": {"delay": 1858.786, "loss": 0.05115410875978654, "tput": 9.852879119089037}, "all": {"delay": 1858.786, "loss": 0.05115410875978654, "tput": 9.852879119089037}}, "3": {"1": {"delay": 1869.833, "loss": 0.05437014362644932, "tput": 9.853542417736717}, "all": {"delay": 1869.833, "loss": 0.05437014362644932, "tput": 9.853542417736717}}}, "sprout": {"1": {"1": {"delay": 75.291, "loss": 0.005298205800133293, "tput": 1.0865716873236415}, "all": {"delay": 75.291, "loss": 0.005298205800133293, "tput": 1.0865716873236415}}, "2": {"1": {"delay": 75.632, "loss": 0.005622305745420775, "tput": 1.0531088256871377}, "all": {"delay": 75.632, "loss": 0.005622305745420775, "tput": 1.0531088256871377}}, "3": {"1": {"delay": 76.237, "loss": 2.285340273455727e-05, "tput": 1.1763018097241462}, "all": {"delay": 76.237, "loss": 2.285340273455727e-05, "tput": 1.1763018097241462}}}, "aurora": {"1": {"1": {"delay": 983.356, "loss": 0.001631527366375285, "tput": 9.160199052542936}, "all": {"delay": 983.356, "loss": 0.001631527366375285, "tput": 9.160199052542936}}, "2": {"1": {"delay": 978.735, "loss": 0.0015351946703380248, "tput": 9.180778613547856}, "all": {"delay": 978.735, "loss": 0.0015351946703380248, "tput": 9.180778613547856}}, "3": {"1": {"delay": 1811.64, "loss": 0.06474090595692006, "tput": 9.660606806934107}, "all": {"delay": 1811.64, "loss": 0.06474090595692006, "tput": 9.660606806934107}}}, "vivace": {"1": {"1": {"delay": 96.181, "loss": 0.002154622875723322, "tput": 8.93628258939049}, "all": {"delay": 96.181, "loss": 0.002154622875723322, "tput": 8.93628258939049}}, "2": {"1": {"delay": 95.576, "loss": 0.002607931253985951, "tput": 8.999165492732333}, "all": {"delay": 95.576, "loss": 0.002607931253985951, "tput": 8.999165492732333}}, "3": {"1": {"delay": 95.852, "loss": 0.0023501812935843303, "tput": 9.000070297963804}, "all": {"delay": 95.852, "loss": 0.0023501812935843303, "tput": 9.000070297963804}}}, "scream": {"1": {"1": {"delay": 61.656, "loss": 0.0012535594328504374, "tput": 0.217589011616086}, "all": {"delay": 61.656, "loss": 0.0012535594328504374, "tput": 0.217589011616086}}, "2": {"1": {"delay": 61.64, "loss": 0.0012535594328504374, "tput": 0.21758820327470832}, "all": {"delay": 61.64, "loss": 0.0012535594328504374, "tput": 0.21758820327470832}}, "3": {"1": {"delay": 62.575, "loss": 0.002561193978490417, "tput": 0.21758137998667057}, "all": {"delay": 62.575, "loss": 0.002561193978490417, "tput": 0.21758137998667057}}}, "indigo": {"1": {"1": {"delay": 689.727, "loss": 0.002171159642582854, "tput": 9.867496671308825}, "all": {"delay": 689.727, "loss": 0.002171159642582854, "tput": 9.867496671308825}}, "2": {"1": {"delay": 76.418, "loss": 0.002280853252569881, "tput": 9.387772265946925}, "all": {"delay": 76.418, "loss": 0.002280853252569881, "tput": 9.387772265946925}}, "3": {"1": {"delay": 83.549, "loss": 0.0022493924306161706, "tput": 9.516491473911344}, "all": {"delay": 83.549, "loss": 0.0022493924306161706, "tput": 9.516491473911344}}}, "vegas": {"1": {"1": {"delay": 306.191, "loss": 0.00670866380013635, "tput": 9.852245515492916}, "all": {"delay": 306.191, "loss": 0.00670866380013635, "tput": 9.852245515492916}}, "2": {"1": {"delay": 303.697, "loss": 0.006628372278702943, "tput": 9.852502227638647}, "all": {"delay": 303.697, "loss": 0.006628372278702943, "tput": 9.852502227638647}}, "3": {"1": {"delay": 115.42, "loss": 0.00227326951147222, "tput": 9.852783639014218}, "all": {"delay": 115.42, "loss": 0.00227326951147222, "tput": 9.852783639014218}}}, "bbr": {"1": {"1": {"delay": 197.371, "loss": 0.005892086192424317, "tput": 9.604159242168716}, "all": {"delay": 197.371, "loss": 0.005892086192424317, "tput": 9.604159242168716}}, "2": {"1": {"delay": 196.768, "loss": 0.005520018381246161, "tput": 9.603249027178874}, "all": {"delay": 196.768, "loss": 0.005520018381246161, "tput": 9.603249027178874}}, "3": {"1": {"delay": 196.207, "loss": 0.005891841718908553, "tput": 9.604193075935632}, "all": {"delay": 196.207, "loss": 0.005891841718908553, "tput": 9.604193075935632}}}, "verus": {"1": {"1": {"delay": 717.003, "loss": 0.013017276014463675, "tput": 9.758565425452572}, "all": {"delay": 717.003, "loss": 0.013017276014463675, "tput": 9.758565425452572}}, "2": {"1": {"delay": 694.188, "loss": 0.01968456777799965, "tput": 9.759391767591726}, "all": {"delay": 694.188, "loss": 0.01968456777799965, "tput": 9.759391767591726}}, "3": {"1": {"delay": 708.942, "loss": 0.01694576555693217, "tput": 9.770892626788227}, "all": {"delay": 708.942, "loss": 0.01694576555693217, "tput": 9.770892626788227}}}, "pcc": {"1": {"1": {"delay": 766.149, "loss": 0.003413624772460877, "tput": 8.477876012671157}, "all": {"delay": 766.149, "loss": 0.003413624772460877, "tput": 8.477876012671157}}, "2": {"1": {"delay": 609.298, "loss": 0.0023210008862298848, "tput": 9.263403046466033}, "all": {"delay": 609.298, "loss": 0.0023210008862298848, "tput": 9.263403046466033}}, "3": {"1": {"delay": 838.741, "loss": 0.0020701139305948635, "tput": 9.09917884337075}, "all": {"delay": 838.741, "loss": 0.0020701139305948635, "tput": 9.09917884337075}}}, "pcc_experimental": {"1": {"1": {"delay": 985.747,