{"eagle": {"1": {"1": {"delay": 302.845, "loss": 0.0031133462371059073, "tput": 9.222341152594984}, "all": {"delay": 302.845, "loss": 0.0031133462371059073, "tput": 9.222341152594984}}}}