{"eagle": {"1": {"1": {"delay": 221.545, "loss": 0.007710920030768786, "tput": 91.91492730544572}, "all": {"delay": 217.409, "loss": 0.007601981392119206, "tput": 99.27775913060378}, "3": {"delay": 105.575, "loss": 0.006421265519061636, "tput": 22.60837729757749}, "2": {"delay": 210.292, "loss": 0.0024300017739012914, "tput": 0.5110467651856453}}}, "fillp_sheep": {"1": {"1": {"delay": 147.924, "loss": 0.003351521175242844, "tput": 59.304738498225895}, "all": {"delay": 163.111, "loss": 0.005337395649970711, "tput": 102.49872188386051}, "3": {"delay": 185.205, "loss": 0.013547145442456054, "tput": 28.68306467575987}, "2": {"delay": 192.199, "loss": 0.006530934140581923, "tput": 51.249940826075076}}}, "copa": {"1": {"1": {"delay": 50.372, "loss": 0.0013075419574876124, "tput": 55.11856375863277}, "all": {"delay": 53.745, "loss": 0.0056484186264630365, "tput": 94.07241281802028}, "3": {"delay": 60.661, "loss": 0.02311852006357018, "tput": 35.659203157093565}, "2": {"delay": 55.526, "loss": 0.006749055823501271, "tput": 41.017766078633464}}}, "fillp": {"1": {"1": {"delay": 390.551, "loss": 0.010010336752177551, "tput": 60.42262269911651}, "all": {"delay": 419.747, "loss": 0.014862135560718803, "tput": 105.91455563192793}, "3": {"delay": 599.634, "loss": 0.03341763776531026, "tput": 44.73841154291503}, "2": {"delay": 416.696, "loss": 0.01549157732642914, "tput": 46.84619295933784}}}, "quic": {}, "gold": {"1": {"1": {"delay": 2793.219, "loss": 0.10132484023651223, "tput": 103.85082258612132}, "all": {"delay": 2793.221, "loss": 0.1015686649693015, "tput": 104.04472214960306}, "3": {"delay": 2795.135, "loss": 0.3166431737860309, "tput": 0.21255613751399097}, "2": {"delay": 2792.254, "loss": 0.16750906733864512, "tput": 0.22383624236817928}}}, "cubic": {"1": {"1": {"delay": 324.79, "loss": 0.00819043016267551, "tput": 86.76184443271092}, "all": {"delay": 327.94, "loss": 0.01169325901695839, "tput": 117.01367919272161}, "3": {"delay": 338.137, "loss": 0.09039156496046308, "tput": 3.1989261259374375}, "2": {"delay": 331.841, "loss": 0.018972632616147234, "tput": 44.18812601977099}}}, "sprout": {"1": {"1": {"delay": 46.755, "loss": 0.0004467663917899767, "tput": 9.551615492370264}, "all": {"delay": 47.082, "loss": 0.0018658157924369423, "tput": 18.89327941570446}, "3": {"delay": 46.966, "loss": 0.01006719080121532, "tput": 9.345282172304529}, "2": {"delay": 47.509, "loss": 4.2732703393610905e-06, "tput": 9.49122782557768}}}, "aurora": {"1": {"1": {"delay": 122.176, "loss": 0.007239867189534843, "tput": 80.49724924149582}, "all": {"delay": 117.237, "loss": 0.010709305353176712, "tput": 104.0703446104484}, "3": {"delay": 77.008, "loss": 0.029958445951082435, "tput": 27.20204224657783}, "2": {"delay": 113.985, "loss": 0.017692613534506685, "tput": 22.17576645542049}}}, "vivace": {"1": {"1": {"delay": 102.525, "loss": 0.0008449878175035286, "tput": 84.95210676983857}, "all": {"delay": 74.861, "loss": 0.0013957498807581903, "tput": 106.21397635617375}, "3": {"delay": 74.164, "loss": 0.008571713419564975, "tput": 13.174208932961086}, "2": {"delay": 67.773, "loss": 0.002311526123003893, "tput": 25.51913869682895}}}, "scream": {"1": {"1": {"delay": 41.525, "loss": 0.0012547622533070069, "tput": 0.21737187443157982}, "all": {"delay": 41.506, "loss": 0.001852747986971215, "tput": 0.4349479089418506}, "3": {"delay": 41.51, "loss": 0.0035185745038117666, "tput": 0.22148506848773022}, "2": {"delay": 41.395, "loss": 0.0019059203691310644, "tput": 0.2172698581457183}}}, "indigo": {"1": {"1": {"delay": 64.464, "loss": 0.001617756949809035, "tput": 89.25006527091226}, "all": {"delay": 70.352, "loss": 0.0017610837516256472, "tput": 113.89176649147464}, "3": {"delay": 79.378, "loss": 0.004958963774929548, "tput": 23.77386383783779}, "2": {"delay": 76.203, "loss": 0.0010896621900343684, "tput": 25.84510730484194}}}, "vegas": {"1": {"1": {"delay": 131.466, "loss": 0.0026544097835481395, "tput": 58.280813122898174}, "all": {"delay": 132.742, "loss": 0.004358772623682339, "tput": 108.66710160469958}, "3": {"delay": 133.863, "loss": 0.01314384696215909, "tput": 9.154147468410953}, "2": {"delay": 133.359, "loss": 0.005886254555148129, "tput": 71.23892975903411}}}, "bbr": {"1": {"1": {"delay": 238.105, "loss": 0.0017353763329353011, "tput": 72.17966168214446}, "all": {"delay": 287.084, "loss": 0.004228325235080543, "tput": 116.54857270555486}, "3": {"delay": 349.186, "loss": 0.013846524092216761, "tput": 58.944504010211595}, "2": {"delay": 287.784, "loss": 0.003888562551842223, "tput": 37.794626059439466}}}, "verus": {"1": {"1": {"delay": 371.987, "loss": 0.026484187525606218, "tput": 79.20233392572821}, "all": {"delay": 357.936, "loss": 0.04907186179011214, "tput": 110.83716170723363}, "3": {"delay": 214.384, "loss": 0.14444988116874036, "tput": 30.48246213963434}, "2": {"delay": 405.465, "loss": 0.0806826868747299, "tput": 33.57221809700074}}}, "pcc": {"1": {"1": {"delay": 352.464, "loss": 0.008950919098360877, "tput": 95.20252106656811}, "all": {"delay": 352.949, "loss": 0.009794554250988075, "tput": 103.89759790633002}, "3": {"delay": 357.161, "loss": 0.027553959098885028, "tput": 8.182758497256676}, "2": {"delay": 354.569, "loss": 0.015089386263364313, "tput": 9.100713133889178}}}, "pcc_experimental": {"1": {"1": {"delay": 364.78, "loss": 0.016746722336790087, "tput": 85.88255579877213}, "all": {"delay": 367.871, "loss": 0.019142044387209456, "tput": 107.67172429458864}, "3": {"delay": 378.873, "loss": 0.04185611528922295, "tput": 11.616255263299639}, "2": {"delay": 374.355, "loss": 0.025641088003780288, "tput": 27.153994078386415}}}, "goldLSTM": {"1": {"1": {"delay": 41.62, "loss": 0.0, "tput": 0.0009758431857563659}, "all": {"delay": 41.575, "loss": 0.0, "tput": 0.0009808869944036005}, "3": {"delay": 41.514, "loss": 0.0, "tput": 0.0009856533055515257}, "2": {"delay": 41.679, "loss": 0.0, "tput": 0.00097590948259713}}}, "webrtc": {"1": {"1": {"delay": 42.259, "loss": 0.0, "tput": 0.04892832373281491}, "all": {"delay": 42.238, "loss": 0.0, "tput": 0.14524273280958425}, "3": {"delay": 42.131, "loss": 0.0, "tput": 0.048972717168298756}, "2": {"delay": 42.231, "loss": 0.0, "tput": 0.05492755169914721}}}, "taova": {"1": {"1": {"delay": 81.289, "loss": 0.0020235267687517267, "tput": 60.51173253670975}, "all": {"delay": 91.415, "loss": 0.003534378243904124, "tput": 103.82164820621072}, "3": {"delay": 118.908, "loss": 0.009405613379895095, "tput": 40.50515729778453}, "2": {"delay": 93.806, "loss": 0.003942294307684557, "tput": 44.99319725909338}}}, "ledbat": {"1": {"1": {"delay": 75.685, "loss": 0.003816246620628516, "tput": 45.40236350397146}, "all": {"delay": 76.304, "loss": 0.004674379446874211, "tput": 67.98158684774839}, "3": {"delay": 77.42, "loss": 0.011771043654893898, "tput": 10.76970135164054}, "2": {"delay": 76.675, "loss": 0.005385486688995744, "tput": 28.590512147150633}}}}