{"eagle": {"1": {"1": {"delay": 147.076, "loss": 0.0006707095467354263, "tput": 100.89392592437406}, "all": {"delay": 147.076, "loss": 0.0006707095467354263, "tput": 100.89392592437406}}}, "fillp_sheep": {"1": {"1": {"delay": 58.033, "loss": 0.0015136933895525395, "tput": 112.36720561546366}, "all": {"delay": 58.033, "loss": 0.0015136933895525395, "tput": 112.36720561546366}}}, "copa": {"1": {"1": {"delay": 43.632, "loss": 0.001985228445321896, "tput": 71.84054830009777}, "all": {"delay": 43.632, "loss": 0.001985228445321896, "tput": 71.84054830009777}}}, "fillp": {"1": {"1": {"delay": 75.519, "loss": 0.002217635182554245, "tput": 117.80195268859771}, "all": {"delay": 75.519, "loss": 0.002217635182554245, "tput": 117.80195268859771}}}, "quic": {}, "gold": {"1": {"1": {"delay": 4894.257, "loss": 0.3376819668653269, "tput": 102.73640963833924}, "all": {"delay": 4894.257, "loss": 0.3376819668653269, "tput": 102.73640963833924}}}, "cubic": {"1": {"1": {"delay": 162.946, "loss": 0.0015182521601472265, "tput": 116.71543630743903}, "all": {"delay": 162.946, "loss": 0.0015182521601472265, "tput": 116.71543630743903}}}, "sprout": {"1": {"1": {"delay": 46.254, "loss": 0.0034895024178187573, "tput": 9.43266902664024}, "all": {"delay": 46.254, "loss": 0.0034895024178187573, "tput": 9.43266902664024}}}, "aurora": {"1": {"1": {"delay": 2670.886, "loss": 0.09812875161460888, "tput": 109.09448770601026}, "all": {"delay": 2670.886, "loss": 0.09812875161460888, "tput": 109.09448770601026}}}, "vivace": {"1": {"1": {"delay": 71.249, "loss": 0.0015042876072052236, "tput": 106.738676780266}, "all": {"delay": 71.249, "loss": 0.0015042876072052236, "tput": 106.738676780266}}}, "scream": {"1": {"1": {"delay": 41.52, "loss": 0.0012547545355685585, "tput": 0.21737384603779172}, "all": {"delay": 41.52, "loss": 0.0012547545355685585, "tput": 0.21737384603779172}}}, "indigo": {"1": {"1": {"delay": 54.354, "loss": 0.0013393150407332577, "tput": 112.1155776507911}, "all": {"delay": 54.354, "loss": 0.0013393150407332577, "tput": 112.1155776507911}}}, "vegas": {"1": {"1": {"delay": 81.238, "loss": 0.0018933281116987333, "tput": 117.8037402090899}, "all": {"delay": 81.238, "loss": 0.0018933281116987333, "tput": 117.8037402090899}}}, "bbr": {"1": {"1": {"delay": 128.862, "loss": 0.0036651083918762817, "tput": 115.09173360541865}, "all": {"delay": 128.862, "loss": 0.0036651083918762817, "tput": 115.09173360541865}}}, "verus": {"1": {"1": {"delay": 460.059, "loss": 0.011432929367608757, "tput": 117.77190784733402}, "all": {"delay": 460.059, "loss": 0.011432929367608757, "tput": 117.77190784733402}}}, "pcc": {"1": {"1": {"delay": 52.126, "loss": 0.0016129721897100158, "tput": 96.8397915582993}, "all": {"delay": 52.126, "loss": 0.0016129721897100158, "tput": 96.8397915582993}}}, "pcc_experimental": {"1": {"1": {"delay": 97.09, "loss": 0.0032818989500329465, "tput": 106.18566164176318}, "all": {"delay": 97.09, "loss": 0.0032818989500329465, "tput": 106.18566164176318}}}, "goldLSTM": {}, "webrtc": {"1": {"1": {"delay": 42.249, "loss": 0.0, "tput": 0.04891103266686388}, "all": {"delay": 42.249, "loss": 0.0, "tput": 0.04891103266686388}}}, "taova": {"1": {"1": {"delay": 69.742, "loss": 0.0028319447836419043, "tput": 92.00620087376191}, "all": {"delay": 69.742, "loss": 0.0028319447836419043, "tput": 92.00620087376191}}}, "ledbat": {"1": {"1": {"delay": 43.091, "loss": 0.002906253582548035, "tput": 51.72513795017033}, "all": {"delay": 43.091, "loss": 0.002906253582548035, "tput": 51.72513795017033}}}}