{"synthesizedBBR": {"1": {"1": {"delay": 45.858, "loss": 0.0017403698152134162, "tput": 82.13805878352564}, "all": {"delay": 45.858, "loss": 0.0017403698152134162, "tput": 82.13805878352564}}}, "bbr": {"1": {"1": {"delay": 97.904, "loss": 0.0032770089148730364, "tput": 96.7191328870483}, "all": {"delay": 97.904, "loss": 0.0032770089148730364, "tput": 96.7191328870483}}}}