{"synthesizedBBR": {"1": {"1": {"delay": 72.766, "loss": 0.0017547661145832505, "tput": 42.82433986110454}, "all": {"delay": 72.766, "loss": 0.0017547661145832505, "tput": 42.82433986110454}}}, "bbr": {"1": {"1": {"delay": 158.149, "loss": 0.00488157309222359, "tput": 47.94233778671288}, "all": {"delay": 158.149, "loss": 0.00488157309222359, "tput": 47.94233778671288}}}, "vivace": {"1": {"1": {"delay": 65.768, "loss": 0.002161467083667157, "tput": 42.72146614234485}, "all": {"delay": 65.768, "loss": 0.002161467083667157, "tput": 42.72146614234485}}}}