{"synthesizedBBR": {"1": {"1": {"delay": 92.895, "loss": 0.0016214543625951983, "tput": 40.67488660446709}, "all": {"delay": 92.895, "loss": 0.0016214543625951983, "tput": 40.67488660446709}}}, "bbr": {"1": {"1": {"delay": 164.787, "loss": 0.004715367970240192, "tput": 47.96462660173493}, "all": {"delay": 164.787, "loss": 0.004715367970240192, "tput": 47.96462660173493}}}, "vivace": {"1": {"1": {"delay": 74.097, "loss": 0.0020634224550963864, "tput": 42.57373826423253}, "all": {"delay": 74.097, "loss": 0.0020634224550963864, "tput": 42.57373826423253}}}}