{"synthesizedBBR": {}, "bbr": {"1": {"1": {"delay": 164.692, "loss": 0.004798611240324657, "tput": 47.96417607542033}, "all": {"delay": 164.692, "loss": 0.004798611240324657, "tput": 47.96417607542033}}}, "vivace": {"1": {"1": {"delay": 78.433, "loss": 0.001955226819170486, "tput": 42.36798806529686}, "all": {"delay": 78.433, "loss": 0.001955226819170486, "tput": 42.36798806529686}}}}