{"fillp_sheep": {"1": {"1": {"delay": 58.58, "loss": 0.001478031324837481, "tput": 45.5941094666446}, "all": {"delay": 58.58, "loss": 0.001478031324837481, "tput": 45.5941094666446}}, "2": {"1": {"delay": 58.678, "loss": 0.0015723956904981629, "tput": 48.16695127587144}, "all": {"delay": 58.678, "loss": 0.0015723956904981629, "tput": 48.16695127587144}}}, "copa": {"1": {"1": {"delay": 46.778, "loss": 0.001101338026183285, "tput": 45.34417901471789}, "all": {"delay": 46.778, "loss": 0.001101338026183285, "tput": 45.34417901471789}}, "2": {"1": {"delay": 51.444, "loss": 0.0011143528484572895, "tput": 45.36298788165427}, "all": {"delay": 51.444, "loss": 0.0011143528484572895, "tput": 45.36298788165427}}}, "fillp": {"1": {"1": {"delay": 70.504, "loss": 0.0016435640606871083, "tput": 49.49356448957386}, "all": {"delay": 70.504, "loss": 0.0016435640606871083, "tput": 49.49356448957386}}, "2": {"1": {"delay": 90.35, "loss": 0.003095262981236746, "tput": 49.3238356393329}, "all": {"delay": 90.35, "loss": 0.003095262981236746, "tput": 49.3238356393329}}}, "quic": {}, "gold": {"1": {"1": {"delay": 7819.291, "loss": 0.1798690878517336, "tput": 47.53284443083113}, "all": {"delay": 7819.291, "loss": 0.1798690878517336, "tput": 47.53284443083113}}, "2": {"1": {"delay": 3869.451, "loss": 0.10441049382674183, "tput": 44.3158225859107}, "all": {"delay": 3869.451, "loss": 0.10441049382674183, "tput": 44.3158225859107}}}, "cubic": {"1": {"1": {"delay": 395.32, "loss": 0.009724297488793554, "tput": 49.354941822624355}, "all": {"delay": 395.32, "loss": 0.009724297488793554, "tput": 49.354941822624355}}, "2": {"1": {"delay": 415.837, "loss": 0.010366224052870465, "tput": 49.462360163515115}, "all": {"delay": 415.837, "loss": 0.010366224052870465, "tput": 49.462360163515115}}}, "sprout": {"1": {"1": {"delay": 51.921, "loss": 0.0011046841492849957, "tput": 9.362859168774673}, "all": {"delay": 51.921, "loss": 0.0011046841492849957, "tput": 9.362859168774673}}, "2": {"1": {"delay": 51.918, "loss": 0.0009251716284958134, "tput": 9.330427596301021}, "all": {"delay": 51.918, "loss": 0.0009251716284958134, "tput": 9.330427596301021}}}, "vivace": {"1": {"1": {"delay": 43.773, "loss": 0.0010125754220244865, "tput": 44.576748658000305}, "all": {"delay": 43.773, "loss": 0.0010125754220244865, "tput": 44.576748658000305}}, "2": {"1": {"delay": 284.103, "loss": 0.0010327677630053156, "tput": 45.08973938273215}, "all": {"delay": 284.103, "loss": 0.0010327677630053156, "tput": 45.08973938273215}}}, "scream": {"1": {"1": {"delay": 41.486, "loss": 0.0009569927105661513, "tput": 0.2165371205206316}, "all": {"delay": 41.486, "loss": 0.0009569927105661513, "tput": 0.2165371205206316}}, "2": {"1": {"delay": 41.466, "loss": 0.0009653303991233875, "tput": 0.21652309462307992}, "all": {"delay": 41.466, "loss": 0.0009653303991233875, "tput": 0.21652309462307992}}}, "indigo": {"1": {"1": {"delay": 44.007, "loss": 0.0, "tput": 1.8663805444671102}, "all": {"delay": 44.007, "loss": 0.0, "tput": 1.8663805444671102}}, "2": {"1": {"delay": 47.147, "loss": 0.001087422794539994, "tput": 43.805446572602996}, "all": {"delay": 47.147, "loss": 0.001087422794539994, "tput": 43.805446572602996}}}, "vegas": {"1": {"1": {"delay": 251.701, "loss": 0.005507641401526597, "tput": 49.459034628096184}, "all": {"delay": 251.701, "loss": 0.005507641401526597, "tput": 49.459034628096184}}, "2": {"1": {"delay": 43.838, "loss": 0.00122246767012546, "tput": 43.66107765174359}, "all": {"delay": 43.838, "loss": 0.00122246767012546, "tput": 43.66107765174359}}}, "bbr": {"1": {"1": {"delay": 127.184, "loss": 0.0029167134758240065, "tput": 48.34919866736419}, "all": {"delay": 127.184, "loss": 0.0029167134758240065, "tput": 48.34919866736419}}, "2": {"1": {"delay": 127.933, "loss": 0.002929691330866291, "tput": 48.24106268179597}, "all": {"delay": 127.933, "loss": 0.002929691330866291, "tput": 48.24106268179597}}}, "verus": {"1": {"1": {"delay": 467.926, "loss": 0.010657447696250766, "tput": 49.309100114797474}, "all": {"delay": 467.926, "loss": 0.010657447696250766, "tput": 49.309100114797474}}, "2": {"1": {"delay": 467.92, "loss": 0.011023161762512945, "tput": 49.2600151875262}, "all": {"delay": 467.92, "loss": 0.011023161762512945, "tput": 49.2600151875262}}}, "pcc": {"1": {"1": {"delay": 42.582, "loss": 0.001152718569738087, "tput": 41.45341110226702}, "all": {"delay": 42.582, "loss": 0.001152718569738087, "tput": 41.45341110226702}}, "2": {"1": {"delay": 65.657, "loss": 0.0011103954293005813, "tput": 45.7832697493082}, "all": {"delay": 65.657, "loss": 0.0011103954293005813, "tput": 45.7832697493082}}}, "pcc_experimental": {"2": {"1": {"delay": 90.871, "loss": 0.0, "tput": 0.3958229651284018}, "all": {"delay": 90.871, "loss": 0.0, "tput": 0.3958229651284018}}}, "goldLSTM": {"1": {"1": {"delay": 228.726, "loss": 0.0, "tput": 33.5389964649566}, "all": {"delay": 228.726, "loss": 0.0, "tput": 33.5389964649566}}, "2": {"1": {"delay": 270.83, "loss": 0.0, "tput": 35.82458254709331}, "all": {"delay": 270.83, "loss": 0.0, "tput": 35.82458254709331}}}, "webrtc": {"2": {"1": {"delay": 142.868, "loss": 0.0, "tput": 0.040197628579256794}, "all": {"delay": 142.868, "loss": 0.0, "tput": 0.040197628579256794}}}, "taova": {"1": {"1": {"delay": 94.892, "loss": 0.00097920889497205, "tput": 46.86593402918299}, "all": {"delay": 94.892, "loss": 0.00097920889497205, "tput": 46.86593402918299}}, "2": {"1": {"delay": 91.78, "loss": 0.0009673007674382283, "tput": 46.81943613681482}, "all": {"delay": 91.78, "loss": 0.0009673007674382283, "tput": 46.81943613681482}}}, "ledbat": {"1": {"1": {"delay": 101.742, "loss": 0.0031526116416709105, "tput": 40.92317753307266}, "all": {"delay": 101.742, "loss": 0.0031526116416709105, "tput": 40.92317753307266}}, "2": {"1": {"delay": 102.675, "loss": 0.0032998344616272934, "tput": 40.939203214171556}, "all": {"delay": 102.675, "loss": 0.0032998344616272934, "tput": 40.939203214171556}}}}