{"synthesizedBBR": {"1": {"1": {"delay": 55.743, "loss": 0.00787993163836731, "tput": 46.75326335377902}, "all": {"delay": 55.743, "loss": 0.00787993163836731, "tput": 46.75326335377902}}}, "bbr": {"1": {"1": {"delay": 158.113, "loss": 0.004861225735850128, "tput": 94.55411575806261}, "all": {"delay": 158.113, "loss": 0.004861225735850128, "tput": 94.55411575806261}}}}