{"synthesizedBBR": {"1": {"1": {"delay": 33.508, "loss": 0.004172483584543807, "tput": 48.11956868360779}, "all": {"delay": 33.508, "loss": 0.004172483584543807, "tput": 48.11956868360779}}}, "bbr": {"1": {"1": {"delay": 99.463, "loss": 0.007230101231013197, "tput": 96.13648055673566}, "all": {"delay": 99.463, "loss": 0.007230101231013197, "tput": 96.13648055673566}}}}