{"synthesizedBBR": {"1": {"1": {"delay": 61.504, "loss": 0.011573541584514069, "tput": 45.79395616895041}, "all": {"delay": 61.504, "loss": 0.011573541584514069, "tput": 45.79395616895041}}}, "bbr": {"1": {"1": {"delay": 148.717, "loss": 0.005057330165381124, "tput": 94.25885740000614}, "all": {"delay": 148.717, "loss": 0.005057330165381124, "tput": 94.25885740000614}}}}