{"synthesizedBBR": {"1": {"1": {"delay": 35.943, "loss": 0.006721020894257523, "tput": 48.5167861871924}, "all": {"delay": 35.943, "loss": 0.006721020894257523, "tput": 48.5167861871924}}}, "bbr": {"1": {"1": {"delay": 97.302, "loss": 0.008008941508790168, "tput": 95.88267037666895}, "all": {"delay": 97.302, "loss": 0.008008941508790168, "tput": 95.88267037666895}}}}