{"synthesizedBBR": {"1": {"1": {"delay": 63.791, "loss": 0.0094991637958326, "tput": 45.978222370304124}, "all": {"delay": 63.791, "loss": 0.0094991637958326, "tput": 45.978222370304124}}}, "bbr": {"1": {"1": {"delay": 155.505, "loss": 0.0060781548315512746, "tput": 93.52625974936626}, "all": {"delay": 155.505, "loss": 0.0060781548315512746, "tput": 93.52625974936626}}}}