{"eagle": {"1": {"1": {"delay": 325.706, "loss": 0.002646498416369991, "tput": 8.582687772245736}, "all": {"delay": 325.706, "loss": 0.002646498416369991, "tput": 8.582687772245736}}}, "indigo": {"1": {"1": {"delay": 65.578, "loss": 0.00226977370104009, "tput": 9.612571506748557}, "all": {"delay": 65.578, "loss": 0.00226977370104009, "tput": 9.612571506748557}}}, "sprout": {"1": {"1": {"delay": 74.933, "loss": 0.0032168738112405837, "tput": 2.3382131243670776}, "all": {"delay": 74.933, "loss": 0.0032168738112405837, "tput": 2.3382131243670776}}}, "aurora": {"1": {"1": {"delay": 383.078, "loss": 0.0017928284963474317, "tput": 9.028369459913092}, "all": {"delay": 383.078, "loss": 0.0017928284963474317, "tput": 9.028369459913092}}}, "vivace": {"1": {"1": {"delay": 78.097, "loss": 0.0018376353570744852, "tput": 9.00174274105011}, "all": {"delay": 78.097, "loss": 0.0018376353570744852, "tput": 9.00174274105011}}}, "pcc": {"1": {"1": {"delay": 560.999, "loss": 0.0019024405285509305, "tput": 8.846945673109484}, "all": {"delay": 560.999, "loss": 0.0019024405285509305, "tput": 8.846945673109484}}}, "bbr": {"1": {"1": {"delay": 166.88, "loss": 0.004901936014823249, "tput": 9.680448444620602}, "all": {"delay": 166.88, "loss": 0.004901936014823249, "tput": 9.680448444620602}}}}