{"eagle": {"1": {"1": {"delay": 500.779, "loss": 0.15399133954424582, "tput": 6.224423211464703}, "all": {"delay": 500.779, "loss": 0.15399133954424582, "tput": 6.224423211464703}}}, "indigo": {"1": {"1": {"delay": 77.261, "loss": 0.022337818843725765, "tput": 7.781283905143097}, "all": {"delay": 77.261, "loss": 0.022337818843725765, "tput": 7.781283905143097}}}, "sprout": {"1": {"1": {"delay": 76.646, "loss": 0.036038682329346816, "tput": 2.2414124047621855}, "all": {"delay": 76.646, "loss": 0.036038682329346816, "tput": 2.2414124047621855}}}, "aurora": {"1": {"1": {"delay": 119.028, "loss": 0.02470344707909322, "tput": 7.13246855151051}, "all": {"delay": 119.028, "loss": 0.02470344707909322, "tput": 7.13246855151051}}}, "vivace": {"1": {"1": {"delay": 134.144, "loss": 0.02126453654319782, "tput": 5.474889651178332}, "all": {"delay": 134.144, "loss": 0.02126453654319782, "tput": 5.474889651178332}}}, "pcc": {"1": {"1": {"delay": 806.434, "loss": 0.18492295450193608, "tput": 8.37183002800333}, "all": {"delay": 806.434, "loss": 0.18492295450193608, "tput": 8.37183002800333}}}, "bbr": {"1": {"1": {"delay": 258.44, "loss": 0.02649463224841364, "tput": 8.762242432071004}, "all": {"delay": 258.44, "loss": 0.02649463224841364, "tput": 8.762242432071004}}}}