{"fillp_sheep": {"1": {"1": {"delay": 1451.728, "loss": 0.003158861095820975, "tput": 4.714462996088199}, "all": {"delay": 1451.728, "loss": 0.003158861095820975, "tput": 4.714462996088199}}}, "copa": {"1": {"1": {"delay": 45.613, "loss": 0.0010684633898325746, "tput": 4.676161410262623}, "all": {"delay": 45.613, "loss": 0.0010684633898325746, "tput": 4.676161410262623}}}, "fillp": {"1": {"1": {"delay": 261.982, "loss": 0.0023664219602540504, "tput": 7.252993023641936}, "all": {"delay": 261.982, "loss": 0.0023664219602540504, "tput": 7.252993023641936}}}, "quic": {}, "gold": {"1": {"1": {"delay": 2142.876, "loss": 0.04555911365448906, "tput": 7.459840769136458}, "all": {"delay": 2142.876, "loss": 0.04555911365448906, "tput": 7.459840769136458}}}, "cubic": {"1": {"1": {"delay": 2412.55, "loss": 0.07511109501102353, "tput": 7.469177400605224}, "all": {"delay": 2412.55, "loss": 0.07511109501102353, "tput": 7.469177400605224}}}, "sprout": {"1": {"1": {"delay": 67.508, "loss": 0.00028376923342565696, "tput": 6.089982792855616}, "all": {"delay": 67.508, "loss": 0.00028376923342565696, "tput": 6.089982792855616}}}, "vivace": {"1": {"1": {"delay": 971.731, "loss": 0.010246885082214496, "tput": 2.9635640838439508}, "all": {"delay": 971.731, "loss": 0.010246885082214496, "tput": 2.9635640838439508}}}, "scream": {"1": {"1": {"delay": 31.527, "loss": 0.0, "tput": 0.21769199301624823}, "all": {"delay": 31.527, "loss": 0.0, "tput": 0.21769199301624823}}}, "indigo": {"1": {"1": {"delay": 56.641, "loss": 0.0005881430940385401, "tput": 2.791728958622032}, "all": {"delay": 56.641, "loss": 0.0005881430940385401, "tput": 2.791728958622032}}}, "vegas": {"1": {"1": {"delay": 59.693, "loss": 0.001416540614226136, "tput": 4.517433791217448}, "all": {"delay": 59.693, "loss": 0.001416540614226136, "tput": 4.517433791217448}}}, "bbr": {"1": {"1": {"delay": 208.122, "loss": 0.005179541501673879, "tput": 7.001196132758885}, "all": {"delay": 208.122, "loss": 0.005179541501673879, "tput": 7.001196132758885}}}, "verus": {"1": {"1": {"delay": 549.855, "loss": 0.0014163534346570694, "tput": 7.262599928468268}, "all": {"delay": 549.855, "loss": 0.0014163534346570694, "tput": 7.262599928468268}}}, "pcc": {"1": {"1": {"delay": 1013.196, "loss": 0.029500372173037803, "tput": 3.565343180774802}, "all": {"delay": 1013.196, "loss": 0.029500372173037803, "tput": 3.565343180774802}}}, "pcc_experimental": {}, "goldLSTM": {"1": {"1": {"delay": 1167.679, "loss": 0.03353631081949704, "tput": 5.672604728536379}, "all": {"delay": 1167.679, "loss": 0.03353631081949704, "tput": 5.672604728536379}}}, "webrtc": {}, "taova": {"1": {"1": {"delay": 187.91, "loss": 0.000692255707962941, "tput": 6.626114295831171}, "all": {"delay": 187.91, "loss": 0.000692255707962941, "tput": 6.626114295831171}}}, "ledbat": {"1": {"1": {"delay": 242.818, "loss": 0.005111814773426593, "tput": 7.3168338830041035}, "all": {"delay": 242.818, "loss": 0.005111814773426593, "tput": 7.3168338830041035}}}}