{"pcc": {"1": {"1": {"delay_95th": 49.866, "delay_mean": 42.55057250160669, "tput": 38.481933251521646, "delay_99th": 79.038, "loss": 0.009895775668318563}, "all": {"delay_95th": 49.866, "delay_mean": 42.55057250160669, "tput": 38.481933251521646, "delay_99th": 79.038, "loss": 0.009895775668318563}}, "2": {"1": {"delay_95th": 78.275, "delay_mean": 45.912357091678324, "tput": 45.58983674246196, "delay_99th": 82.822, "loss": 0.008237255301518198}, "all": {"delay_95th": 78.275, "delay_mean": 45.912357091678324, "tput": 45.58983674246196, "delay_99th": 82.822, "loss": 0.008237255301518198}}, "3": {"1": {"delay_95th": 57.058, "delay_mean": 43.9683242572563, "tput": 45.44193609239904, "delay_99th": 72.274, "loss": 0.007792662378295012}, "all": {"delay_95th": 57.058, "delay_mean": 43.9683242572563, "tput": 45.44193609239904, "delay_99th": 72.274, "loss": 0.007792662378295012}}}, "bbr": {"1": {"1": {"delay_95th": 110.637, "delay_mean": 87.51684004752134, "tput": 48.208063920093466, "delay_99th": 112.484, "loss": 0.01624001248767326}, "all": {"delay_95th": 110.637, "delay_mean": 87.51684004752134, "tput": 48.208063920093466, "delay_99th": 112.484, "loss": 0.01624001248767326}}, "2": {"1": {"delay_95th": 111.552, "delay_mean": 88.64756996470545, "tput": 48.1103283147095, "delay_99th": 112.488, "loss": 0.018906428852230706}, "all": {"delay_95th": 111.552, "delay_mean": 88.64756996470545, "tput": 48.1103283147095, "delay_99th": 112.488, "loss": 0.018906428852230706}}, "3": {"1": {"delay_95th": 110.069, "delay_mean": 85.89583851583046, "tput": 48.115603988791484, "delay_99th": 112.338, "loss": 0.015148270749480441}, "all": {"delay_95th": 110.069, "delay_mean": 85.89583851583046, "tput": 48.115603988791484, "delay_99th": 112.338, "loss": 0.015148270749480441}}}, "cubic": {"1": {"1": {"delay_95th": 109.82, "delay_mean": 89.3584989720545, "tput": 49.28321933665286, "delay_99th": 111.707, "loss": 0.0033368126174107005}, "all": {"delay_95th": 109.82, "delay_mean": 89.3584989720545, "tput": 49.28321933665286, "delay_99th": 111.707, "loss": 0.0033368126174107005}}, "2": {"1": {"delay_95th": 109.322, "delay_mean": 80.73518534265509, "tput": 49.26105527299434, "delay_99th": 111.814, "loss": 0.004813794240494995}, "all": {"delay_95th": 109.322, "delay_mean": 80.73518534265509, "tput": 49.26105527299434, "delay_99th": 111.814, "loss": 0.004813794240494995}}, "3": {"1": {"delay_95th": 97.756, "delay_mean": 65.29907767591574, "tput": 49.14434022134882, "delay_99th": 111.072, "loss": 0.003572788009532868}, "all": {"delay_95th": 97.756, "delay_mean": 65.29907767591574, "tput": 49.14434022134882, "delay_99th": 111.072, "loss": 0.003572788009532868}}}}