{"eagle": {"1": {"1": {"delay": 1093.107, "loss": 0.006522194315060514, "tput": 25.564669273074987}, "all": {"delay": 1093.107, "loss": 0.006522194315060514, "tput": 25.564669273074987}}, "2": {"1": {"delay": 1732.357, "loss": 0.021080887459594577, "tput": 29.99769010586159}, "all": {"delay": 1732.357, "loss": 0.021080887459594577, "tput": 29.99769010586159}}}}