{"goldLSTM": {"1": {"1": {"delay": 1556.322, "loss": 0.009249755635711954, "tput": 11.997800493903574}, "all": {"delay": 1556.322, "loss": 0.009249755635711954, "tput": 11.997800493903574}}, "2": {"1": {"delay": 21375.295, "loss": 0.33983838280006473, "tput": 11.855566850370112}, "all": {"delay": 21375.295, "loss": 0.33983838280006473, "tput": 11.855566850370112}}, "4": {"1": {"delay": 20380.469, "loss": 0.3538391104076405, "tput": 11.365629490467944}, "all": {"delay": 20380.469, "loss": 0.3538391104076405, "tput": 11.365629490467944}}, "5": {"1": {"delay": 19735.936, "loss": 0.44308294467578413, "tput": 11.997834575370165}, "all": {"delay": 19735.936, "loss": 0.44308294467578413, "tput": 11.997834575370165}}}}