{"eagle": {"1": {"1": {"delay": 886.489, "loss": 0.007220202053142666, "tput": 8.927159664902158}, "all": {"delay": 886.489, "loss": 0.007220202053142666, "tput": 8.927159664902158}}}}