{"eagle": {"1": {"1": {"delay": 233.363, "loss": 0.010262234971997963, "tput": 8.10664576438452}, "all": {"delay": 233.363, "loss": 0.010262234971997963, "tput": 8.10664576438452}}}}