{"fillp_sheep": {"1": {"1": {"delay": 10.85, "loss": 0.00026132602821948847, "tput": 11.719216007578039}, "all": {"delay": 10.85, "loss": 0.00026132602821948847, "tput": 11.719216007578039}}}, "copa": {"1": {"1": {"delay": 561.793, "loss": 0.015450800146720511, "tput": 11.967542502523209}, "all": {"delay": 561.793, "loss": 0.015450800146720511, "tput": 11.967542502523209}}}, "fillp": {"1": {"1": {"delay": 41.006, "loss": 0.0010516660675107259, "tput": 11.964658388183047}, "all": {"delay": 41.006, "loss": 0.0010516660675107259, "tput": 11.964658388183047}}}, "quic": {"1": {"1": {"delay": 433.887, "loss": 0.01579449900237473, "tput": 11.386739369939745}, "all": {"delay": 433.887, "loss": 0.01579449900237473, "tput": 11.386739369939745}}}, "gold": {"1": {"1": {"delay": 1001.159, "loss": 0.04957305608350038, "tput": 11.897179709227657}, "all": {"delay": 1001.159, "loss": 0.04957305608350038, "tput": 11.897179709227657}}}, "cubic": {"1": {"1": {"delay": 1833.923, "loss": 0.050019193660101324, "tput": 11.999004501289766}, "all": {"delay": 1833.923, "loss": 0.050019193660101324, "tput": 11.999004501289766}}}, "sprout": {"1": {"1": {"delay": 73.038, "loss": 0.0020804985973797985, "tput": 11.970907853344157}, "all": {"delay": 73.038, "loss": 0.0020804985973797985, "tput": 11.970907853344157}}}, "vivace": {"1": {"1": {"delay": 42.495, "loss": 0.00034380899456754044, "tput": 8.7407160344067}, "all": {"delay": 42.495, "loss": 0.00034380899456754044, "tput": 8.7407160344067}}}, "scream": {"1": {"1": {"delay": 1.518, "loss": 0.0, "tput": 0.217360914357938}, "all": {"delay": 1.518, "loss": 0.0, "tput": 0.217360914357938}}}, "indigo": {"1": {"1": {"delay": 4.37, "loss": 0.00014139812629099247, "tput": 11.3842363991739}, "all": {"delay": 4.37, "loss": 0.00014139812629099247, "tput": 11.3842363991739}}}, "vegas": {"1": {"1": {"delay": 5.64, "loss": 0.000168049587803476, "tput": 11.904735165455413}, "all": {"delay": 5.64, "loss": 0.000168049587803476, "tput": 11.904735165455413}}}, "bbr": {"1": {"1": {"delay": 14.295, "loss": 0.00040027855829627423, "tput": 11.99435833460802}, "all": {"delay": 14.295, "loss": 0.00040027855829627423, "tput": 11.99435833460802}}}, "verus": {"1": {"1": {"delay": 347.649, "loss": 0.0035118525021948788, "tput": 10.768526294954983}, "all": {"delay": 347.649, "loss": 0.0035118525021948788, "tput": 10.768526294954983}}}, "pcc": {"1": {"1": {"delay": 2.377, "loss": 0.0, "tput": 3.439496080341824}, "all": {"delay": 2.377, "loss": 0.0, "tput": 3.439496080341824}}}, "pcc_experimental": {"1": {"1": {"delay": 2.54, "loss": 0.0, "tput": 2.8286615079138824}, "all": {"delay": 2.54, "loss": 0.0, "tput": 2.8286615079138824}}}, "webrtc": {"1": {"1": {"delay": 6.984, "loss": 0.0, "tput": 2.3112564491068297}, "all": {"delay": 6.984, "loss": 0.0, "tput": 2.3112564491068297}}}, "taova": {"1": {"1": {"delay": 2.631, "loss": 0.0, "tput": 4.2164433638832515}, "all": {"delay": 2.631, "loss": 0.0, "tput": 4.2164433638832515}}}, "ledbat": {"1": {"1": {"delay": 101.982, "loss": 0.003379250272066203, "tput": 11.997339734282265}, "all": {"delay": 101.982, "loss": 0.003379250272066203, "tput": 11.997339734282265}}}}