{"synthesizedBBR": {"1": {"1": {"delay": 64.292, "loss": 0.0008511022735873119, "tput": 8.547265734891326}, "all": {"delay": 64.292, "loss": 0.0008511022735873119, "tput": 8.547265734891326}}}, "bbr": {"1": {"1": {"delay": 106.453, "loss": 0.003275048031308625, "tput": 9.748296790973251}, "all": {"delay": 106.453, "loss": 0.003275048031308625, "tput": 9.748296790973251}}}}