{"synthesizedBBR": {"1": {"1": {"delay": 43.534, "loss": 0.0015480639276095332, "tput": 7.827032250043756}, "all": {"delay": 43.534, "loss": 0.0015480639276095332, "tput": 7.827032250043756}}}, "bbr": {"1": {"1": {"delay": 105.527, "loss": 0.003156756837125352, "tput": 9.747650510040284}, "all": {"delay": 105.527, "loss": 0.003156756837125352, "tput": 9.747650510040284}}}}