{"eagle": {"1": {"1": {"delay": 135.428, "loss": 0.016870801597569374, "tput": 2.5057351184938708}, "all": {"delay": 135.428, "loss": 0.016870801597569374, "tput": 2.5057351184938708}}}, "fillp_sheep": {"1": {"1": {"delay": 236.032, "loss": 0.0018029877070483424, "tput": 6.651819686271354}, "all": {"delay": 236.032, "loss": 0.0018029877070483424, "tput": 6.651819686271354}}}, "copa": {"1": {"1": {"delay": 77.048, "loss": 0.0006098722910543586, "tput": 4.807033052494447}, "all": {"delay": 77.048, "loss": 0.0006098722910543586, "tput": 4.807033052494447}}}, "fillp": {"1": {"1": {"delay": 311.278, "loss": 0.0033215802316888254, "tput": 7.22574588241025}, "all": {"delay": 311.278, "loss": 0.0033215802316888254, "tput": 7.22574588241025}}}, "quic": {}, "gold": {"1": {"1": {"delay": 1690.216, "loss": 0.04247231931025852, "tput": 6.933494723897879}, "all": {"delay": 1690.216, "loss": 0.04247231931025852, "tput": 6.933494723897879}}}, "cubic": {"1": {"1": {"delay": 2343.743, "loss": 0.08618520983880529, "tput": 7.4601251130265185}, "all": {"delay": 2343.743, "loss": 0.08618520983880529, "tput": 7.4601251130265185}}}, "sprout": {"1": {"1": {"delay": 71.042, "loss": 0.0005829976535028925, "tput": 1.9623937338206623}, "all": {"delay": 71.042, "loss": 0.0005829976535028925, "tput": 1.9623937338206623}}}, "aurora": {"1": {"1": {"delay": 3321.463, "loss": 0.03155704743172982, "tput": 6.2275570866577485}, "all": {"delay": 3321.463, "loss": 0.03155704743172982, "tput": 6.2275570866577485}}}, "vivace": {"1": {"1": {"delay": 110.383, "loss": 0.0010960266684991726, "tput": 2.1656937345804113}, "all": {"delay": 110.383, "loss": 0.0010960266684991726, "tput": 2.1656937345804113}}}, "scream": {"1": {"1": {"delay": 50.467, "loss": 0.0012543294001555738, "tput": 0.2178957716147832}, "all": {"delay": 50.467, "loss": 0.0012543294001555738, "tput": 0.2178957716147832}}}, "indigo": {"1": {"1": {"delay": 77.678, "loss": 0.0013217959152981296, "tput": 2.7556552316289546}, "all": {"delay": 77.678, "loss": 0.0013217959152981296, "tput": 2.7556552316289546}}}, "vegas": {"1": {"1": {"delay": 352.137, "loss": 0.002585891437611565, "tput": 6.958446656796098}, "all": {"delay": 352.137, "loss": 0.002585891437611565, "tput": 6.958446656796098}}}, "bbr": {"1": {"1": {"delay": 428.714, "loss": 0.009061889741223239, "tput": 7.233684238379072}, "all": {"delay": 428.714, "loss": 0.009061889741223239, "tput": 7.233684238379072}}}, "verus": {"1": {"1": {"delay": 788.47, "loss": 0.008955718945215296, "tput": 7.109796932134628}, "all": {"delay": 788.47, "loss": 0.008955718945215296, "tput": 7.109796932134628}}}, "pcc": {"1": {"1": {"delay": 5716.331, "loss": 0.11560383571698574, "tput": 7.438519900886977}, "all": {"delay": 5716.331, "loss": 0.11560383571698574, "tput": 7.438519900886977}}}, "pcc_experimental": {"1": {"1": {"delay": 1780.229, "loss": 0.009697440931489276, "tput": 5.461020175052402}, "all": {"delay": 1780.229, "loss": 0.009697440931489276, "tput": 5.461020175052402}}}, "goldLSTM": {}, "webrtc": {"1": {"1": {"delay": 57.451, "loss": 0.0, "tput": 0.048790699222201646}, "all": {"delay": 57.451, "loss": 0.0, "tput": 0.048790699222201646}}}, "taova": {"1": {"1": {"delay": 130.366, "loss": 0.0013234443759722048, "tput": 6.291385924670723}, "all": {"delay": 130.366, "loss": 0.0013234443759722048, "tput": 6.291385924670723}}}, "ledbat": {"1": {"1": {"delay": 291.277, "loss": 0.006712157386358997, "tput": 6.781957602825466}, "all": {"delay": 291.277, "loss": 0.006712157386358997, "tput": 6.781957602825466}}}}