{"goldLSTM": {"1": {"1": {"delay": 37.125, "loss": 0.0, "tput": 6.781689886233584}, "all": {"delay": 37.125, "loss": 0.0, "tput": 6.781689886233584}}}}