{"goldLSTM": {"1": {"1": {"delay": 4344.054, "loss": 0.1371134254918437, "tput": 11.5138211312602}, "all": {"delay": 4344.054, "loss": 0.1371134254918437, "tput": 11.5138211312602}}}}