{"eagle": {"1": {"1": {"delay": 1794.72, "loss": 0.00041126727005513786, "tput": 3.9387852390758056}, "all": {"delay": 1794.72, "loss": 0.00041126727005513786, "tput": 3.9387852390758056}}}, "synthesizedBBR": {"1": {"1": {"delay": 265.538, "loss": 0.002866742110455678, "tput": 3.2388730066914406}, "all": {"delay": 265.538, "loss": 0.002866742110455678, "tput": 3.2388730066914406}}}}