{"eagle-v2": {}, "aurora": {"1": {"1": {"delay": 158.52, "loss": 0.0010706512890856779, "tput": 9.151454558957889}, "all": {"delay": 158.52, "loss": 0.0010706512890856779, "tput": 9.151454558957889}}}, "synthesizedBBR": {"1": {"1": {"delay": 62.989, "loss": 0.001477172115679326, "tput": 8.47000341514283}, "all": {"delay": 62.989, "loss": 0.001477172115679326, "tput": 8.47000341514283}}}, "vivace": {"1": {"1": {"delay": 44.999, "loss": 0.0010964016019905376, "tput": 9.153032903455141}, "all": {"delay": 44.999, "loss": 0.0010964016019905376, "tput": 9.153032903455141}}}, "pcc": {"1": {"1": {"delay": 32.972, "loss": 0.0014163367773956104, "tput": 4.30732225159636}, "all": {"delay": 32.972, "loss": 0.0014163367773956104, "tput": 4.30732225159636}}}, "bbr": {"1": {"1": {"delay": 107.416, "loss": 0.003441054356533191, "tput": 9.742274156312247}, "all": {"delay": 107.416, "loss": 0.003441054356533191, "tput": 9.742274156312247}}}, "pcc_experimental": {"1": {"1": {"delay": 158.033, "loss": 0.0037564053766919736, "tput": 9.350057485044296}, "all": {"delay": 158.033, "loss": 0.0037564053766919736, "tput": 9.350057485044296}}}}